step	simulationTime	id	
0	2025-07-01T00:00:00.000	11	
1	2025-07-01T00:05:00.000	11	
2	2025-07-01T00:10:00.000	11	
3	2025-07-01T00:15:00.000	11	
4	2025-07-01T00:20:00.000	11	
5	2025-07-01T00:25:00.000	11	
6	2025-07-01T00:30:00.000	11	
7	2025-07-01T00:35:00.000	11	
8	2025-07-01T00:40:00.000	11	
9	2025-07-01T00:45:00.000	11	
10	2025-07-01T00:50:00.000	11	
11	2025-07-01T00:55:00.000	11	
12	2025-07-01T01:00:00.000	11	
13	2025-07-01T01:05:00.000	11	
14	2025-07-01T01:10:00.000	11	
15	2025-07-01T01:15:00.000	11	
16	2025-07-01T01:20:00.000	11	
17	2025-07-01T01:25:00.000	11	
18	2025-07-01T01:30:00.000	11	
19	2025-07-01T01:35:00.000	11	
20	2025-07-01T01:40:00.000	11	
21	2025-07-01T01:45:00.000	11	
22	2025-07-01T01:50:00.000	11	
23	2025-07-01T01:55:00.000	11	
24	2025-07-01T02:00:00.000	11	
25	2025-07-01T02:05:00.000	11	
26	2025-07-01T02:10:00.000	11	
27	2025-07-01T02:15:00.000	11	
28	2025-07-01T02:20:00.000	11	
29	2025-07-01T02:25:00.000	11	
30	2025-07-01T02:30:00.000	11	
31	2025-07-01T02:35:00.000	11	
32	2025-07-01T02:40:00.000	11	
33	2025-07-01T02:45:00.000	11	
34	2025-07-01T02:50:00.000	11	
35	2025-07-01T02:55:00.000	11	
36	2025-07-01T03:00:00.000	11	
37	2025-07-01T03:05:00.000	11	
38	2025-07-01T03:10:00.000	11	
39	2025-07-01T03:15:00.000	11	
40	2025-07-01T03:20:00.000	11	
41	2025-07-01T03:25:00.000	11	
42	2025-07-01T03:30:00.000	11	
43	2025-07-01T03:35:00.000	11	
44	2025-07-01T03:40:00.000	11	
45	2025-07-01T03:45:00.000	11	
46	2025-07-01T03:50:00.000	11	
47	2025-07-01T03:55:00.000	11	
48	2025-07-01T04:00:00.000	11	
49	2025-07-01T04:05:00.000	11	
50	2025-07-01T04:10:00.000	11	
51	2025-07-01T04:15:00.000	11	
52	2025-07-01T04:20:00.000	11	
53	2025-07-01T04:25:00.000	11	
54	2025-07-01T04:30:00.000	11	
55	2025-07-01T04:35:00.000	11	
56	2025-07-01T04:40:00.000	11	
57	2025-07-01T04:45:00.000	11	
58	2025-07-01T04:50:00.000	11	
59	2025-07-01T04:55:00.000	11	
60	2025-07-01T05:00:00.000	11	
61	2025-07-01T05:05:00.000	11	
62	2025-07-01T05:10:00.000	11	
63	2025-07-01T05:15:00.000	11	
64	2025-07-01T05:20:00.000	11	
65	2025-07-01T05:25:00.000	11	
66	2025-07-01T05:30:00.000	11	
67	2025-07-01T05:35:00.000	11	
68	2025-07-01T05:40:00.000	11	
69	2025-07-01T05:45:00.000	11	
70	2025-07-01T05:50:00.000	11	
71	2025-07-01T05:55:00.000	11	
72	2025-07-01T06:00:00.000	11	
73	2025-07-01T06:05:00.000	11	
74	2025-07-01T06:10:00.000	11	
75	2025-07-01T06:15:00.000	11	
76	2025-07-01T06:20:00.000	11	
77	2025-07-01T06:25:00.000	11	
78	2025-07-01T06:30:00.000	11	
79	2025-07-01T06:35:00.000	11	
80	2025-07-01T06:40:00.000	11	
81	2025-07-01T06:45:00.000	11	
82	2025-07-01T06:50:00.000	11	
83	2025-07-01T06:55:00.000	11	
84	2025-07-01T07:00:00.000	11	
85	2025-07-01T07:05:00.000	11	
86	2025-07-01T07:10:00.000	11	
87	2025-07-01T07:15:00.000	11	
88	2025-07-01T07:20:00.000	11	
89	2025-07-01T07:25:00.000	11	
90	2025-07-01T07:30:00.000	11	
91	2025-07-01T07:35:00.000	11	
92	2025-07-01T07:40:00.000	11	
93	2025-07-01T07:45:00.000	11	
94	2025-07-01T07:50:00.000	11	
95	2025-07-01T07:55:00.000	11	
96	2025-07-01T08:00:00.000	11	
97	2025-07-01T08:05:00.000	11	
98	2025-07-01T08:10:00.000	11	
99	2025-07-01T08:15:00.000	11	
100	2025-07-01T08:20:00.000	11	
101	2025-07-01T08:25:00.000	11	
102	2025-07-01T08:30:00.000	11	
103	2025-07-01T08:35:00.000	11	
104	2025-07-01T08:40:00.000	11	
105	2025-07-01T08:45:00.000	11	
106	2025-07-01T08:50:00.000	11	
107	2025-07-01T08:55:00.000	11	
108	2025-07-01T09:00:00.000	11	
109	2025-07-01T09:05:00.000	11	
110	2025-07-01T09:10:00.000	11	
111	2025-07-01T09:15:00.000	11	
112	2025-07-01T09:20:00.000	11	
113	2025-07-01T09:25:00.000	11	
114	2025-07-01T09:30:00.000	11	
115	2025-07-01T09:35:00.000	11	
116	2025-07-01T09:40:00.000	11	
117	2025-07-01T09:45:00.000	11	
118	2025-07-01T09:50:00.000	11	
119	2025-07-01T09:55:00.000	11	
120	2025-07-01T10:00:00.000	11	
121	2025-07-01T10:05:00.000	11	
122	2025-07-01T10:10:00.000	11	
123	2025-07-01T10:15:00.000	11	
124	2025-07-01T10:20:00.000	11	
125	2025-07-01T10:25:00.000	11	
126	2025-07-01T10:30:00.000	11	
127	2025-07-01T10:35:00.000	11	
128	2025-07-01T10:40:00.000	11	
129	2025-07-01T10:45:00.000	11	
130	2025-07-01T10:50:00.000	11	
131	2025-07-01T10:55:00.000	11	
132	2025-07-01T11:00:00.000	11	
133	2025-07-01T11:05:00.000	11	
134	2025-07-01T11:10:00.000	11	
135	2025-07-01T11:15:00.000	11	
136	2025-07-01T11:20:00.000	11	
137	2025-07-01T11:25:00.000	11	
138	2025-07-01T11:30:00.000	11	
139	2025-07-01T11:35:00.000	11	
140	2025-07-01T11:40:00.000	11	
141	2025-07-01T11:45:00.000	11	
142	2025-07-01T11:50:00.000	11	
143	2025-07-01T11:55:00.000	11	
144	2025-07-01T12:00:00.000	11	
145	2025-07-01T12:05:00.000	11	
146	2025-07-01T12:10:00.000	11	
147	2025-07-01T12:15:00.000	11	
148	2025-07-01T12:20:00.000	11	
149	2025-07-01T12:25:00.000	11	
150	2025-07-01T12:30:00.000	11	
151	2025-07-01T12:35:00.000	11	
152	2025-07-01T12:40:00.000	11	
153	2025-07-01T12:45:00.000	11	
154	2025-07-01T12:50:00.000	11	
155	2025-07-01T12:55:00.000	11	
156	2025-07-01T13:00:00.000	11	
157	2025-07-01T13:05:00.000	11	
158	2025-07-01T13:10:00.000	11	
159	2025-07-01T13:15:00.000	11	
160	2025-07-01T13:20:00.000	11	
161	2025-07-01T13:25:00.000	11	
162	2025-07-01T13:30:00.000	11	
163	2025-07-01T13:35:00.000	11	
164	2025-07-01T13:40:00.000	11	
165	2025-07-01T13:45:00.000	11	
166	2025-07-01T13:50:00.000	11	
167	2025-07-01T13:55:00.000	11	
168	2025-07-01T14:00:00.000	11	
169	2025-07-01T14:05:00.000	11	
170	2025-07-01T14:10:00.000	11	
171	2025-07-01T14:15:00.000	11	
172	2025-07-01T14:20:00.000	11	
173	2025-07-01T14:25:00.000	11	
174	2025-07-01T14:30:00.000	11	
175	2025-07-01T14:35:00.000	11	
176	2025-07-01T14:40:00.000	11	
177	2025-07-01T14:45:00.000	11	
178	2025-07-01T14:50:00.000	11	
179	2025-07-01T14:55:00.000	11	
180	2025-07-01T15:00:00.000	11	
181	2025-07-01T15:05:00.000	11	
182	2025-07-01T15:10:00.000	11	
183	2025-07-01T15:15:00.000	11	
184	2025-07-01T15:20:00.000	11	
185	2025-07-01T15:25:00.000	11	
186	2025-07-01T15:30:00.000	11	
187	2025-07-01T15:35:00.000	11	
188	2025-07-01T15:40:00.000	11	
189	2025-07-01T15:45:00.000	11	
190	2025-07-01T15:50:00.000	11	
191	2025-07-01T15:55:00.000	11	
192	2025-07-01T16:00:00.000	11	
193	2025-07-01T16:05:00.000	11	
194	2025-07-01T16:10:00.000	11	
195	2025-07-01T16:15:00.000	11	
196	2025-07-01T16:20:00.000	11	
197	2025-07-01T16:25:00.000	11	
198	2025-07-01T16:30:00.000	11	
199	2025-07-01T16:35:00.000	11	
200	2025-07-01T16:40:00.000	11	
201	2025-07-01T16:45:00.000	11	
202	2025-07-01T16:50:00.000	11	
203	2025-07-01T16:55:00.000	11	
204	2025-07-01T17:00:00.000	11	
205	2025-07-01T17:05:00.000	11	
206	2025-07-01T17:10:00.000	11	
207	2025-07-01T17:15:00.000	11	
208	2025-07-01T17:20:00.000	11	
209	2025-07-01T17:25:00.000	11	
210	2025-07-01T17:30:00.000	11	
211	2025-07-01T17:35:00.000	11	
212	2025-07-01T17:40:00.000	11	
213	2025-07-01T17:45:00.000	11	
214	2025-07-01T17:50:00.000	11	
215	2025-07-01T17:55:00.000	11	
216	2025-07-01T18:00:00.000	11	
217	2025-07-01T18:05:00.000	11	
218	2025-07-01T18:10:00.000	11	
219	2025-07-01T18:15:00.000	11	
220	2025-07-01T18:20:00.000	11	
221	2025-07-01T18:25:00.000	11	
222	2025-07-01T18:30:00.000	11	
223	2025-07-01T18:35:00.000	11	
224	2025-07-01T18:40:00.000	11	
225	2025-07-01T18:45:00.000	11	
226	2025-07-01T18:50:00.000	11	
227	2025-07-01T18:55:00.000	11	
228	2025-07-01T19:00:00.000	11	
229	2025-07-01T19:05:00.000	11	
230	2025-07-01T19:10:00.000	11	
231	2025-07-01T19:15:00.000	11	
232	2025-07-01T19:20:00.000	11	
233	2025-07-01T19:25:00.000	11	
234	2025-07-01T19:30:00.000	11	
235	2025-07-01T19:35:00.000	11	
236	2025-07-01T19:40:00.000	11	
237	2025-07-01T19:45:00.000	11	
238	2025-07-01T19:50:00.000	11	
239	2025-07-01T19:55:00.000	11	
240	2025-07-01T20:00:00.000	11	
241	2025-07-01T20:05:00.000	11	
242	2025-07-01T20:10:00.000	11	
243	2025-07-01T20:15:00.000	11	
244	2025-07-01T20:20:00.000	11	
245	2025-07-01T20:25:00.000	11	
246	2025-07-01T20:30:00.000	11	
247	2025-07-01T20:35:00.000	11	
248	2025-07-01T20:40:00.000	11	
249	2025-07-01T20:45:00.000	11	
250	2025-07-01T20:50:00.000	11	
251	2025-07-01T20:55:00.000	11	
252	2025-07-01T21:00:00.000	11	
253	2025-07-01T21:05:00.000	11	
254	2025-07-01T21:10:00.000	11	
255	2025-07-01T21:15:00.000	11	
256	2025-07-01T21:20:00.000	11	
257	2025-07-01T21:25:00.000	11	
258	2025-07-01T21:30:00.000	11	
259	2025-07-01T21:35:00.000	11	
260	2025-07-01T21:40:00.000	11	
261	2025-07-01T21:45:00.000	11	
262	2025-07-01T21:50:00.000	11	
263	2025-07-01T21:55:00.000	11	
264	2025-07-01T22:00:00.000	11	
265	2025-07-01T22:05:00.000	11	
266	2025-07-01T22:10:00.000	11	
267	2025-07-01T22:15:00.000	11	
268	2025-07-01T22:20:00.000	11	
269	2025-07-01T22:25:00.000	11	
270	2025-07-01T22:30:00.000	11	
271	2025-07-01T22:35:00.000	11	
272	2025-07-01T22:40:00.000	11	
273	2025-07-01T22:45:00.000	11	
274	2025-07-01T22:50:00.000	11	
275	2025-07-01T22:55:00.000	11	
276	2025-07-01T23:00:00.000	11	
277	2025-07-01T23:05:00.000	11	
278	2025-07-01T23:10:00.000	11	
279	2025-07-01T23:15:00.000	11	
280	2025-07-01T23:20:00.000	11	
281	2025-07-01T23:25:00.000	11	
282	2025-07-01T23:30:00.000	11	
283	2025-07-01T23:35:00.000	11	
284	2025-07-01T23:40:00.000	11	
285	2025-07-01T23:45:00.000	11	
286	2025-07-01T23:50:00.000	11	
287	2025-07-01T23:55:00.000	11	
288	2025-07-02T00:00:00.000	11	
289	2025-07-02T00:05:00.000	11	
290	2025-07-02T00:10:00.000	11	
291	2025-07-02T00:15:00.000	11	
292	2025-07-02T00:20:00.000	11	
293	2025-07-02T00:25:00.000	11	
294	2025-07-02T00:30:00.000	11	
295	2025-07-02T00:35:00.000	11	
296	2025-07-02T00:40:00.000	11	
297	2025-07-02T00:45:00.000	11	
298	2025-07-02T00:50:00.000	11	
299	2025-07-02T00:55:00.000	11	
300	2025-07-02T01:00:00.000	11	
301	2025-07-02T01:05:00.000	11	
302	2025-07-02T01:10:00.000	11	
303	2025-07-02T01:15:00.000	11	
304	2025-07-02T01:20:00.000	11	
305	2025-07-02T01:25:00.000	11	
306	2025-07-02T01:30:00.000	11	
307	2025-07-02T01:35:00.000	11	
308	2025-07-02T01:40:00.000	11	
309	2025-07-02T01:45:00.000	11	
310	2025-07-02T01:50:00.000	11	
311	2025-07-02T01:55:00.000	11	
312	2025-07-02T02:00:00.000	11	
313	2025-07-02T02:05:00.000	11	
314	2025-07-02T02:10:00.000	11	
315	2025-07-02T02:15:00.000	11	
316	2025-07-02T02:20:00.000	11	
317	2025-07-02T02:25:00.000	11	
318	2025-07-02T02:30:00.000	11	
319	2025-07-02T02:35:00.000	11	
320	2025-07-02T02:40:00.000	11	
321	2025-07-02T02:45:00.000	11	
322	2025-07-02T02:50:00.000	11	
323	2025-07-02T02:55:00.000	11	
324	2025-07-02T03:00:00.000	11	
325	2025-07-02T03:05:00.000	11	
326	2025-07-02T03:10:00.000	11	
327	2025-07-02T03:15:00.000	11	
328	2025-07-02T03:20:00.000	11	
329	2025-07-02T03:25:00.000	11	
330	2025-07-02T03:30:00.000	11	
331	2025-07-02T03:35:00.000	11	
332	2025-07-02T03:40:00.000	11	
333	2025-07-02T03:45:00.000	11	
334	2025-07-02T03:50:00.000	11	
335	2025-07-02T03:55:00.000	11	
336	2025-07-02T04:00:00.000	11	
337	2025-07-02T04:05:00.000	11	
338	2025-07-02T04:10:00.000	11	
339	2025-07-02T04:15:00.000	11	
340	2025-07-02T04:20:00.000	11	
341	2025-07-02T04:25:00.000	11	
342	2025-07-02T04:30:00.000	11	
343	2025-07-02T04:35:00.000	11	
344	2025-07-02T04:40:00.000	11	
345	2025-07-02T04:45:00.000	11	
346	2025-07-02T04:50:00.000	11	
347	2025-07-02T04:55:00.000	11	
348	2025-07-02T05:00:00.000	11	
349	2025-07-02T05:05:00.000	11	
350	2025-07-02T05:10:00.000	11	
351	2025-07-02T05:15:00.000	11	
352	2025-07-02T05:20:00.000	11	
353	2025-07-02T05:25:00.000	11	
354	2025-07-02T05:30:00.000	11	
355	2025-07-02T05:35:00.000	11	
356	2025-07-02T05:40:00.000	11	
357	2025-07-02T05:45:00.000	11	
358	2025-07-02T05:50:00.000	11	
359	2025-07-02T05:55:00.000	11	
360	2025-07-02T06:00:00.000	11	
361	2025-07-02T06:05:00.000	11	
362	2025-07-02T06:10:00.000	11	
363	2025-07-02T06:15:00.000	11	
364	2025-07-02T06:20:00.000	11	
365	2025-07-02T06:25:00.000	11	
366	2025-07-02T06:30:00.000	11	
367	2025-07-02T06:35:00.000	11	
368	2025-07-02T06:40:00.000	11	
369	2025-07-02T06:45:00.000	11	
370	2025-07-02T06:50:00.000	11	
371	2025-07-02T06:55:00.000	11	
372	2025-07-02T07:00:00.000	11	
373	2025-07-02T07:05:00.000	11	
374	2025-07-02T07:10:00.000	11	
375	2025-07-02T07:15:00.000	11	
376	2025-07-02T07:20:00.000	11	
377	2025-07-02T07:25:00.000	11	
378	2025-07-02T07:30:00.000	11	
379	2025-07-02T07:35:00.000	11	
380	2025-07-02T07:40:00.000	11	
381	2025-07-02T07:45:00.000	11	
382	2025-07-02T07:50:00.000	11	
383	2025-07-02T07:55:00.000	11	
384	2025-07-02T08:00:00.000	11	
385	2025-07-02T08:05:00.000	11	
386	2025-07-02T08:10:00.000	11	
387	2025-07-02T08:15:00.000	11	
388	2025-07-02T08:20:00.000	11	
389	2025-07-02T08:25:00.000	11	
390	2025-07-02T08:30:00.000	11	
391	2025-07-02T08:35:00.000	11	
392	2025-07-02T08:40:00.000	11	
393	2025-07-02T08:45:00.000	11	
394	2025-07-02T08:50:00.000	11	
395	2025-07-02T08:55:00.000	11	
396	2025-07-02T09:00:00.000	11	
397	2025-07-02T09:05:00.000	11	
398	2025-07-02T09:10:00.000	11	
399	2025-07-02T09:15:00.000	11	
400	2025-07-02T09:20:00.000	11	
401	2025-07-02T09:25:00.000	11	
402	2025-07-02T09:30:00.000	11	
403	2025-07-02T09:35:00.000	11	
404	2025-07-02T09:40:00.000	11	
405	2025-07-02T09:45:00.000	11	
406	2025-07-02T09:50:00.000	11	
407	2025-07-02T09:55:00.000	11	
408	2025-07-02T10:00:00.000	11	
409	2025-07-02T10:05:00.000	11	
410	2025-07-02T10:10:00.000	11	
411	2025-07-02T10:15:00.000	11	
412	2025-07-02T10:20:00.000	11	
413	2025-07-02T10:25:00.000	11	
414	2025-07-02T10:30:00.000	11	
415	2025-07-02T10:35:00.000	11	
416	2025-07-02T10:40:00.000	11	
417	2025-07-02T10:45:00.000	11	
418	2025-07-02T10:50:00.000	11	
419	2025-07-02T10:55:00.000	11	
420	2025-07-02T11:00:00.000	11	
421	2025-07-02T11:05:00.000	11	
422	2025-07-02T11:10:00.000	11	
423	2025-07-02T11:15:00.000	11	
424	2025-07-02T11:20:00.000	11	
425	2025-07-02T11:25:00.000	11	
426	2025-07-02T11:30:00.000	11	
427	2025-07-02T11:35:00.000	11	
428	2025-07-02T11:40:00.000	11	
429	2025-07-02T11:45:00.000	11	
430	2025-07-02T11:50:00.000	11	
431	2025-07-02T11:55:00.000	11	
432	2025-07-02T12:00:00.000	11	
433	2025-07-02T12:05:00.000	11	
434	2025-07-02T12:10:00.000	11	
435	2025-07-02T12:15:00.000	11	
436	2025-07-02T12:20:00.000	11	
437	2025-07-02T12:25:00.000	11	
438	2025-07-02T12:30:00.000	11	
439	2025-07-02T12:35:00.000	11	
440	2025-07-02T12:40:00.000	11	
441	2025-07-02T12:45:00.000	11	
442	2025-07-02T12:50:00.000	11	
443	2025-07-02T12:55:00.000	11	
444	2025-07-02T13:00:00.000	11	
445	2025-07-02T13:05:00.000	11	
446	2025-07-02T13:10:00.000	11	
447	2025-07-02T13:15:00.000	11	
448	2025-07-02T13:20:00.000	11	
449	2025-07-02T13:25:00.000	11	
450	2025-07-02T13:30:00.000	11	
451	2025-07-02T13:35:00.000	11	
452	2025-07-02T13:40:00.000	11	
453	2025-07-02T13:45:00.000	11	
454	2025-07-02T13:50:00.000	11	
455	2025-07-02T13:55:00.000	11	
456	2025-07-02T14:00:00.000	11	
457	2025-07-02T14:05:00.000	11	
458	2025-07-02T14:10:00.000	11	
459	2025-07-02T14:15:00.000	11	
460	2025-07-02T14:20:00.000	11	
461	2025-07-02T14:25:00.000	11	
462	2025-07-02T14:30:00.000	11	
463	2025-07-02T14:35:00.000	11	
464	2025-07-02T14:40:00.000	11	
465	2025-07-02T14:45:00.000	11	
466	2025-07-02T14:50:00.000	11	
467	2025-07-02T14:55:00.000	11	
468	2025-07-02T15:00:00.000	11	
469	2025-07-02T15:05:00.000	11	
470	2025-07-02T15:10:00.000	11	
471	2025-07-02T15:15:00.000	11	
472	2025-07-02T15:20:00.000	11	
473	2025-07-02T15:25:00.000	11	
474	2025-07-02T15:30:00.000	11	
475	2025-07-02T15:35:00.000	11	
476	2025-07-02T15:40:00.000	11	
477	2025-07-02T15:45:00.000	11	
478	2025-07-02T15:50:00.000	11	
479	2025-07-02T15:55:00.000	11	
480	2025-07-02T16:00:00.000	11	
481	2025-07-02T16:05:00.000	11	
482	2025-07-02T16:10:00.000	11	
483	2025-07-02T16:15:00.000	11	
484	2025-07-02T16:20:00.000	11	
485	2025-07-02T16:25:00.000	11	
486	2025-07-02T16:30:00.000	11	
487	2025-07-02T16:35:00.000	11	
488	2025-07-02T16:40:00.000	11	
489	2025-07-02T16:45:00.000	11	
490	2025-07-02T16:50:00.000	11	
491	2025-07-02T16:55:00.000	11	
492	2025-07-02T17:00:00.000	11	
493	2025-07-02T17:05:00.000	11	
494	2025-07-02T17:10:00.000	11	
495	2025-07-02T17:15:00.000	11	
496	2025-07-02T17:20:00.000	11	
497	2025-07-02T17:25:00.000	11	
498	2025-07-02T17:30:00.000	11	
499	2025-07-02T17:35:00.000	11	
500	2025-07-02T17:40:00.000	11	
501	2025-07-02T17:45:00.000	11	
502	2025-07-02T17:50:00.000	11	
503	2025-07-02T17:55:00.000	11	
504	2025-07-02T18:00:00.000	11	
505	2025-07-02T18:05:00.000	11	
506	2025-07-02T18:10:00.000	11	
507	2025-07-02T18:15:00.000	11	
508	2025-07-02T18:20:00.000	11	
509	2025-07-02T18:25:00.000	11	
510	2025-07-02T18:30:00.000	11	
511	2025-07-02T18:35:00.000	11	
512	2025-07-02T18:40:00.000	11	
513	2025-07-02T18:45:00.000	11	
514	2025-07-02T18:50:00.000	11	
515	2025-07-02T18:55:00.000	11	
516	2025-07-02T19:00:00.000	11	
517	2025-07-02T19:05:00.000	11	
518	2025-07-02T19:10:00.000	11	
519	2025-07-02T19:15:00.000	11	
520	2025-07-02T19:20:00.000	11	
521	2025-07-02T19:25:00.000	11	
522	2025-07-02T19:30:00.000	11	
523	2025-07-02T19:35:00.000	11	
524	2025-07-02T19:40:00.000	11	
525	2025-07-02T19:45:00.000	11	
526	2025-07-02T19:50:00.000	11	
527	2025-07-02T19:55:00.000	11	
528	2025-07-02T20:00:00.000	11	
529	2025-07-02T20:05:00.000	11	
530	2025-07-02T20:10:00.000	11	
531	2025-07-02T20:15:00.000	11	
532	2025-07-02T20:20:00.000	11	
533	2025-07-02T20:25:00.000	11	
534	2025-07-02T20:30:00.000	11	
535	2025-07-02T20:35:00.000	11	
536	2025-07-02T20:40:00.000	11	
537	2025-07-02T20:45:00.000	11	
538	2025-07-02T20:50:00.000	11	
539	2025-07-02T20:55:00.000	11	
540	2025-07-02T21:00:00.000	11	
541	2025-07-02T21:05:00.000	11	
542	2025-07-02T21:10:00.000	11	
543	2025-07-02T21:15:00.000	11	
544	2025-07-02T21:20:00.000	11	
545	2025-07-02T21:25:00.000	11	
546	2025-07-02T21:30:00.000	11	
547	2025-07-02T21:35:00.000	11	
548	2025-07-02T21:40:00.000	11	
549	2025-07-02T21:45:00.000	11	
550	2025-07-02T21:50:00.000	11	
551	2025-07-02T21:55:00.000	11	
552	2025-07-02T22:00:00.000	11	
553	2025-07-02T22:05:00.000	11	
554	2025-07-02T22:10:00.000	11	
555	2025-07-02T22:15:00.000	11	
556	2025-07-02T22:20:00.000	11	
557	2025-07-02T22:25:00.000	11	
558	2025-07-02T22:30:00.000	11	
559	2025-07-02T22:35:00.000	11	
560	2025-07-02T22:40:00.000	11	
561	2025-07-02T22:45:00.000	11	
562	2025-07-02T22:50:00.000	11	
563	2025-07-02T22:55:00.000	11	
564	2025-07-02T23:00:00.000	11	
565	2025-07-02T23:05:00.000	11	
566	2025-07-02T23:10:00.000	11	
567	2025-07-02T23:15:00.000	11	
568	2025-07-02T23:20:00.000	11	
569	2025-07-02T23:25:00.000	11	
570	2025-07-02T23:30:00.000	11	
571	2025-07-02T23:35:00.000	11	
572	2025-07-02T23:40:00.000	11	
573	2025-07-02T23:45:00.000	11	
574	2025-07-02T23:50:00.000	11	
575	2025-07-02T23:55:00.000	11	
576	2025-07-03T00:00:00.000	11	
577	2025-07-03T00:05:00.000	11	
578	2025-07-03T00:10:00.000	11	
579	2025-07-03T00:15:00.000	11	
580	2025-07-03T00:20:00.000	11	
581	2025-07-03T00:25:00.000	11	
582	2025-07-03T00:30:00.000	11	
583	2025-07-03T00:35:00.000	11	
584	2025-07-03T00:40:00.000	11	
585	2025-07-03T00:45:00.000	11	
586	2025-07-03T00:50:00.000	11	
587	2025-07-03T00:55:00.000	11	
588	2025-07-03T01:00:00.000	11	
589	2025-07-03T01:05:00.000	11	
590	2025-07-03T01:10:00.000	11	
591	2025-07-03T01:15:00.000	11	
592	2025-07-03T01:20:00.000	11	
593	2025-07-03T01:25:00.000	11	
594	2025-07-03T01:30:00.000	11	
595	2025-07-03T01:35:00.000	11	
596	2025-07-03T01:40:00.000	11	
597	2025-07-03T01:45:00.000	11	
598	2025-07-03T01:50:00.000	11	
599	2025-07-03T01:55:00.000	11	
600	2025-07-03T02:00:00.000	11	
601	2025-07-03T02:05:00.000	11	
602	2025-07-03T02:10:00.000	11	
603	2025-07-03T02:15:00.000	11	
604	2025-07-03T02:20:00.000	11	
605	2025-07-03T02:25:00.000	11	
606	2025-07-03T02:30:00.000	11	
607	2025-07-03T02:35:00.000	11	
608	2025-07-03T02:40:00.000	11	
609	2025-07-03T02:45:00.000	11	
610	2025-07-03T02:50:00.000	11	
611	2025-07-03T02:55:00.000	11	
612	2025-07-03T03:00:00.000	11	
613	2025-07-03T03:05:00.000	11	
614	2025-07-03T03:10:00.000	11	
615	2025-07-03T03:15:00.000	11	
616	2025-07-03T03:20:00.000	11	
617	2025-07-03T03:25:00.000	11	
618	2025-07-03T03:30:00.000	11	
619	2025-07-03T03:35:00.000	11	
620	2025-07-03T03:40:00.000	11	
621	2025-07-03T03:45:00.000	11	
622	2025-07-03T03:50:00.000	11	
623	2025-07-03T03:55:00.000	11	
624	2025-07-03T04:00:00.000	11	
625	2025-07-03T04:05:00.000	11	
626	2025-07-03T04:10:00.000	11	
627	2025-07-03T04:15:00.000	11	
628	2025-07-03T04:20:00.000	11	
629	2025-07-03T04:25:00.000	11	
630	2025-07-03T04:30:00.000	11	
631	2025-07-03T04:35:00.000	11	
632	2025-07-03T04:40:00.000	11	
633	2025-07-03T04:45:00.000	11	
634	2025-07-03T04:50:00.000	11	
635	2025-07-03T04:55:00.000	11	
636	2025-07-03T05:00:00.000	11	
637	2025-07-03T05:05:00.000	11	
638	2025-07-03T05:10:00.000	11	
639	2025-07-03T05:15:00.000	11	
640	2025-07-03T05:20:00.000	11	
641	2025-07-03T05:25:00.000	11	
642	2025-07-03T05:30:00.000	11	
643	2025-07-03T05:35:00.000	11	
644	2025-07-03T05:40:00.000	11	
645	2025-07-03T05:45:00.000	11	
646	2025-07-03T05:50:00.000	11	
647	2025-07-03T05:55:00.000	11	
648	2025-07-03T06:00:00.000	11	
649	2025-07-03T06:05:00.000	11	
650	2025-07-03T06:10:00.000	11	
651	2025-07-03T06:15:00.000	11	
652	2025-07-03T06:20:00.000	11	
653	2025-07-03T06:25:00.000	11	
654	2025-07-03T06:30:00.000	11	
655	2025-07-03T06:35:00.000	11	
656	2025-07-03T06:40:00.000	11	
657	2025-07-03T06:45:00.000	11	
658	2025-07-03T06:50:00.000	11	
659	2025-07-03T06:55:00.000	11	
660	2025-07-03T07:00:00.000	11	
661	2025-07-03T07:05:00.000	11	
662	2025-07-03T07:10:00.000	11	
663	2025-07-03T07:15:00.000	11	
664	2025-07-03T07:20:00.000	11	
665	2025-07-03T07:25:00.000	11	
666	2025-07-03T07:30:00.000	11	
667	2025-07-03T07:35:00.000	11	
668	2025-07-03T07:40:00.000	11	
669	2025-07-03T07:45:00.000	11	
670	2025-07-03T07:50:00.000	11	
671	2025-07-03T07:55:00.000	11	
672	2025-07-03T08:00:00.000	11	
673	2025-07-03T08:05:00.000	11	
674	2025-07-03T08:10:00.000	11	
675	2025-07-03T08:15:00.000	11	
676	2025-07-03T08:20:00.000	11	
677	2025-07-03T08:25:00.000	11	
678	2025-07-03T08:30:00.000	11	
679	2025-07-03T08:35:00.000	11	
680	2025-07-03T08:40:00.000	11	
681	2025-07-03T08:45:00.000	11	
682	2025-07-03T08:50:00.000	11	
683	2025-07-03T08:55:00.000	11	
684	2025-07-03T09:00:00.000	11	
685	2025-07-03T09:05:00.000	11	
686	2025-07-03T09:10:00.000	11	
687	2025-07-03T09:15:00.000	11	
688	2025-07-03T09:20:00.000	11	
689	2025-07-03T09:25:00.000	11	
690	2025-07-03T09:30:00.000	11	
691	2025-07-03T09:35:00.000	11	
692	2025-07-03T09:40:00.000	11	
693	2025-07-03T09:45:00.000	11	
694	2025-07-03T09:50:00.000	11	
695	2025-07-03T09:55:00.000	11	
696	2025-07-03T10:00:00.000	11	
697	2025-07-03T10:05:00.000	11	
698	2025-07-03T10:10:00.000	11	
699	2025-07-03T10:15:00.000	11	
700	2025-07-03T10:20:00.000	11	
701	2025-07-03T10:25:00.000	11	
702	2025-07-03T10:30:00.000	11	
703	2025-07-03T10:35:00.000	11	
704	2025-07-03T10:40:00.000	11	
705	2025-07-03T10:45:00.000	11	
706	2025-07-03T10:50:00.000	11	
707	2025-07-03T10:55:00.000	11	
708	2025-07-03T11:00:00.000	11	
709	2025-07-03T11:05:00.000	11	
710	2025-07-03T11:10:00.000	11	
711	2025-07-03T11:15:00.000	11	
712	2025-07-03T11:20:00.000	11	
713	2025-07-03T11:25:00.000	11	
714	2025-07-03T11:30:00.000	11	
715	2025-07-03T11:35:00.000	11	
716	2025-07-03T11:40:00.000	11	
717	2025-07-03T11:45:00.000	11	
718	2025-07-03T11:50:00.000	11	
719	2025-07-03T11:55:00.000	11	
720	2025-07-03T12:00:00.000	11	
721	2025-07-03T12:05:00.000	11	
722	2025-07-03T12:10:00.000	11	
723	2025-07-03T12:15:00.000	11	
724	2025-07-03T12:20:00.000	11	
725	2025-07-03T12:25:00.000	11	
726	2025-07-03T12:30:00.000	11	
727	2025-07-03T12:35:00.000	11	
728	2025-07-03T12:40:00.000	11	
729	2025-07-03T12:45:00.000	11	
730	2025-07-03T12:50:00.000	11	
731	2025-07-03T12:55:00.000	11	
732	2025-07-03T13:00:00.000	11	
733	2025-07-03T13:05:00.000	11	
734	2025-07-03T13:10:00.000	11	
735	2025-07-03T13:15:00.000	11	
736	2025-07-03T13:20:00.000	11	
737	2025-07-03T13:25:00.000	11	
738	2025-07-03T13:30:00.000	11	
739	2025-07-03T13:35:00.000	11	
740	2025-07-03T13:40:00.000	11	
741	2025-07-03T13:45:00.000	11	
742	2025-07-03T13:50:00.000	11	
743	2025-07-03T13:55:00.000	11	
744	2025-07-03T14:00:00.000	11	
745	2025-07-03T14:05:00.000	11	
746	2025-07-03T14:10:00.000	11	
747	2025-07-03T14:15:00.000	11	
748	2025-07-03T14:20:00.000	11	
749	2025-07-03T14:25:00.000	11	
750	2025-07-03T14:30:00.000	11	
751	2025-07-03T14:35:00.000	11	
752	2025-07-03T14:40:00.000	11	
753	2025-07-03T14:45:00.000	11	
754	2025-07-03T14:50:00.000	11	
755	2025-07-03T14:55:00.000	11	
756	2025-07-03T15:00:00.000	11	
757	2025-07-03T15:05:00.000	11	
758	2025-07-03T15:10:00.000	11	
759	2025-07-03T15:15:00.000	11	
760	2025-07-03T15:20:00.000	11	
761	2025-07-03T15:25:00.000	11	
762	2025-07-03T15:30:00.000	11	
763	2025-07-03T15:35:00.000	11	
764	2025-07-03T15:40:00.000	11	
765	2025-07-03T15:45:00.000	11	
766	2025-07-03T15:50:00.000	11	
767	2025-07-03T15:55:00.000	11	
768	2025-07-03T16:00:00.000	11	
769	2025-07-03T16:05:00.000	11	
770	2025-07-03T16:10:00.000	11	
771	2025-07-03T16:15:00.000	11	
772	2025-07-03T16:20:00.000	11	
773	2025-07-03T16:25:00.000	11	
774	2025-07-03T16:30:00.000	11	
775	2025-07-03T16:35:00.000	11	
776	2025-07-03T16:40:00.000	11	
777	2025-07-03T16:45:00.000	11	
778	2025-07-03T16:50:00.000	11	
779	2025-07-03T16:55:00.000	11	
780	2025-07-03T17:00:00.000	11	
781	2025-07-03T17:05:00.000	11	
782	2025-07-03T17:10:00.000	11	
783	2025-07-03T17:15:00.000	11	
784	2025-07-03T17:20:00.000	11	
785	2025-07-03T17:25:00.000	11	
786	2025-07-03T17:30:00.000	11	
787	2025-07-03T17:35:00.000	11	
788	2025-07-03T17:40:00.000	11	
789	2025-07-03T17:45:00.000	11	
790	2025-07-03T17:50:00.000	11	
791	2025-07-03T17:55:00.000	11	
792	2025-07-03T18:00:00.000	11	
793	2025-07-03T18:05:00.000	11	
794	2025-07-03T18:10:00.000	11	
795	2025-07-03T18:15:00.000	11	
796	2025-07-03T18:20:00.000	11	
797	2025-07-03T18:25:00.000	11	
798	2025-07-03T18:30:00.000	11	
799	2025-07-03T18:35:00.000	11	
800	2025-07-03T18:40:00.000	11	
801	2025-07-03T18:45:00.000	11	
802	2025-07-03T18:50:00.000	11	
803	2025-07-03T18:55:00.000	11	
804	2025-07-03T19:00:00.000	11	
805	2025-07-03T19:05:00.000	11	
806	2025-07-03T19:10:00.000	11	
807	2025-07-03T19:15:00.000	11	
808	2025-07-03T19:20:00.000	11	
809	2025-07-03T19:25:00.000	11	
810	2025-07-03T19:30:00.000	11	
811	2025-07-03T19:35:00.000	11	
812	2025-07-03T19:40:00.000	11	
813	2025-07-03T19:45:00.000	11	
814	2025-07-03T19:50:00.000	11	
815	2025-07-03T19:55:00.000	11	
816	2025-07-03T20:00:00.000	11	
817	2025-07-03T20:05:00.000	11	
818	2025-07-03T20:10:00.000	11	
819	2025-07-03T20:15:00.000	11	
820	2025-07-03T20:20:00.000	11	
821	2025-07-03T20:25:00.000	11	
822	2025-07-03T20:30:00.000	11	
823	2025-07-03T20:35:00.000	11	
824	2025-07-03T20:40:00.000	11	
825	2025-07-03T20:45:00.000	11	
826	2025-07-03T20:50:00.000	11	
827	2025-07-03T20:55:00.000	11	
828	2025-07-03T21:00:00.000	11	
829	2025-07-03T21:05:00.000	11	
830	2025-07-03T21:10:00.000	11	
831	2025-07-03T21:15:00.000	11	
832	2025-07-03T21:20:00.000	11	
833	2025-07-03T21:25:00.000	11	
834	2025-07-03T21:30:00.000	11	
835	2025-07-03T21:35:00.000	11	
836	2025-07-03T21:40:00.000	11	
837	2025-07-03T21:45:00.000	11	
838	2025-07-03T21:50:00.000	11	
839	2025-07-03T21:55:00.000	11	
840	2025-07-03T22:00:00.000	11	
841	2025-07-03T22:05:00.000	11	
842	2025-07-03T22:10:00.000	11	
843	2025-07-03T22:15:00.000	11	
844	2025-07-03T22:20:00.000	11	
845	2025-07-03T22:25:00.000	11	
846	2025-07-03T22:30:00.000	11	
847	2025-07-03T22:35:00.000	11	
848	2025-07-03T22:40:00.000	11	
849	2025-07-03T22:45:00.000	11	
850	2025-07-03T22:50:00.000	11	
851	2025-07-03T22:55:00.000	11	
852	2025-07-03T23:00:00.000	11	
853	2025-07-03T23:05:00.000	11	
854	2025-07-03T23:10:00.000	11	
855	2025-07-03T23:15:00.000	11	
856	2025-07-03T23:20:00.000	11	
857	2025-07-03T23:25:00.000	11	
858	2025-07-03T23:30:00.000	11	
859	2025-07-03T23:35:00.000	11	
860	2025-07-03T23:40:00.000	11	
861	2025-07-03T23:45:00.000	11	
862	2025-07-03T23:50:00.000	11	
863	2025-07-03T23:55:00.000	11	
864	2025-07-04T00:00:00.000	11	
865	2025-07-04T00:05:00.000	11	
866	2025-07-04T00:10:00.000	11	
867	2025-07-04T00:15:00.000	11	
868	2025-07-04T00:20:00.000	11	
869	2025-07-04T00:25:00.000	11	
870	2025-07-04T00:30:00.000	11	
871	2025-07-04T00:35:00.000	11	
872	2025-07-04T00:40:00.000	11	
873	2025-07-04T00:45:00.000	11	
874	2025-07-04T00:50:00.000	11	
875	2025-07-04T00:55:00.000	11	
876	2025-07-04T01:00:00.000	11	
877	2025-07-04T01:05:00.000	11	
878	2025-07-04T01:10:00.000	11	
879	2025-07-04T01:15:00.000	11	
880	2025-07-04T01:20:00.000	11	
881	2025-07-04T01:25:00.000	11	
882	2025-07-04T01:30:00.000	11	
883	2025-07-04T01:35:00.000	11	
884	2025-07-04T01:40:00.000	11	
885	2025-07-04T01:45:00.000	11	
886	2025-07-04T01:50:00.000	11	
887	2025-07-04T01:55:00.000	11	
888	2025-07-04T02:00:00.000	11	
889	2025-07-04T02:05:00.000	11	
890	2025-07-04T02:10:00.000	11	
891	2025-07-04T02:15:00.000	11	
892	2025-07-04T02:20:00.000	11	
893	2025-07-04T02:25:00.000	11	
894	2025-07-04T02:30:00.000	11	
895	2025-07-04T02:35:00.000	11	
896	2025-07-04T02:40:00.000	11	
897	2025-07-04T02:45:00.000	11	
898	2025-07-04T02:50:00.000	11	
899	2025-07-04T02:55:00.000	11	
900	2025-07-04T03:00:00.000	11	
901	2025-07-04T03:05:00.000	11	
902	2025-07-04T03:10:00.000	11	
903	2025-07-04T03:15:00.000	11	
904	2025-07-04T03:20:00.000	11	
905	2025-07-04T03:25:00.000	11	
906	2025-07-04T03:30:00.000	11	
907	2025-07-04T03:35:00.000	11	
908	2025-07-04T03:40:00.000	11	
909	2025-07-04T03:45:00.000	11	
910	2025-07-04T03:50:00.000	11	
911	2025-07-04T03:55:00.000	11	
912	2025-07-04T04:00:00.000	11	
913	2025-07-04T04:05:00.000	11	
914	2025-07-04T04:10:00.000	11	
915	2025-07-04T04:15:00.000	11	
916	2025-07-04T04:20:00.000	11	
917	2025-07-04T04:25:00.000	11	
918	2025-07-04T04:30:00.000	11	
919	2025-07-04T04:35:00.000	11	
920	2025-07-04T04:40:00.000	11	
921	2025-07-04T04:45:00.000	11	
922	2025-07-04T04:50:00.000	11	
923	2025-07-04T04:55:00.000	11	
924	2025-07-04T05:00:00.000	11	
925	2025-07-04T05:05:00.000	11	
926	2025-07-04T05:10:00.000	11	
927	2025-07-04T05:15:00.000	11	
928	2025-07-04T05:20:00.000	11	
929	2025-07-04T05:25:00.000	11	
930	2025-07-04T05:30:00.000	11	
931	2025-07-04T05:35:00.000	11	
932	2025-07-04T05:40:00.000	11	
933	2025-07-04T05:45:00.000	11	
934	2025-07-04T05:50:00.000	11	
935	2025-07-04T05:55:00.000	11	
936	2025-07-04T06:00:00.000	11	
937	2025-07-04T06:05:00.000	11	
938	2025-07-04T06:10:00.000	11	
939	2025-07-04T06:15:00.000	11	
940	2025-07-04T06:20:00.000	11	
941	2025-07-04T06:25:00.000	11	
942	2025-07-04T06:30:00.000	11	
943	2025-07-04T06:35:00.000	11	
944	2025-07-04T06:40:00.000	11	
945	2025-07-04T06:45:00.000	11	
946	2025-07-04T06:50:00.000	11	
947	2025-07-04T06:55:00.000	11	
948	2025-07-04T07:00:00.000	11	
949	2025-07-04T07:05:00.000	11	
950	2025-07-04T07:10:00.000	11	
951	2025-07-04T07:15:00.000	11	
952	2025-07-04T07:20:00.000	11	
953	2025-07-04T07:25:00.000	11	
954	2025-07-04T07:30:00.000	11	
955	2025-07-04T07:35:00.000	11	
956	2025-07-04T07:40:00.000	11	
957	2025-07-04T07:45:00.000	11	
958	2025-07-04T07:50:00.000	11	
959	2025-07-04T07:55:00.000	11	
960	2025-07-04T08:00:00.000	11	
961	2025-07-04T08:05:00.000	11	
962	2025-07-04T08:10:00.000	11	
963	2025-07-04T08:15:00.000	11	
964	2025-07-04T08:20:00.000	11	
965	2025-07-04T08:25:00.000	11	
966	2025-07-04T08:30:00.000	11	
967	2025-07-04T08:35:00.000	11	
968	2025-07-04T08:40:00.000	11	
969	2025-07-04T08:45:00.000	11	
970	2025-07-04T08:50:00.000	11	
971	2025-07-04T08:55:00.000	11	
972	2025-07-04T09:00:00.000	11	
973	2025-07-04T09:05:00.000	11	
974	2025-07-04T09:10:00.000	11	
975	2025-07-04T09:15:00.000	11	
976	2025-07-04T09:20:00.000	11	
977	2025-07-04T09:25:00.000	11	
978	2025-07-04T09:30:00.000	11	
979	2025-07-04T09:35:00.000	11	
980	2025-07-04T09:40:00.000	11	
981	2025-07-04T09:45:00.000	11	
982	2025-07-04T09:50:00.000	11	
983	2025-07-04T09:55:00.000	11	
984	2025-07-04T10:00:00.000	11	
985	2025-07-04T10:05:00.000	11	
986	2025-07-04T10:10:00.000	11	
987	2025-07-04T10:15:00.000	11	
988	2025-07-04T10:20:00.000	11	
989	2025-07-04T10:25:00.000	11	
990	2025-07-04T10:30:00.000	11	
991	2025-07-04T10:35:00.000	11	
992	2025-07-04T10:40:00.000	11	
993	2025-07-04T10:45:00.000	11	
994	2025-07-04T10:50:00.000	11	
995	2025-07-04T10:55:00.000	11	
996	2025-07-04T11:00:00.000	11	
997	2025-07-04T11:05:00.000	11	
998	2025-07-04T11:10:00.000	11	
999	2025-07-04T11:15:00.000	11	
1000	2025-07-04T11:20:00.000	11	
1001	2025-07-04T11:25:00.000	11	
1002	2025-07-04T11:30:00.000	11	
1003	2025-07-04T11:35:00.000	11	
1004	2025-07-04T11:40:00.000	11	
1005	2025-07-04T11:45:00.000	11	
1006	2025-07-04T11:50:00.000	11	
1007	2025-07-04T11:55:00.000	11	
1008	2025-07-04T12:00:00.000	11	
1009	2025-07-04T12:05:00.000	11	
1010	2025-07-04T12:10:00.000	11	
1011	2025-07-04T12:15:00.000	11	
1012	2025-07-04T12:20:00.000	11	
1013	2025-07-04T12:25:00.000	11	
1014	2025-07-04T12:30:00.000	11	
1015	2025-07-04T12:35:00.000	11	
1016	2025-07-04T12:40:00.000	11	
1017	2025-07-04T12:45:00.000	11	
1018	2025-07-04T12:50:00.000	11	
1019	2025-07-04T12:55:00.000	11	
1020	2025-07-04T13:00:00.000	11	
1021	2025-07-04T13:05:00.000	11	
1022	2025-07-04T13:10:00.000	11	
1023	2025-07-04T13:15:00.000	11	
1024	2025-07-04T13:20:00.000	11	
1025	2025-07-04T13:25:00.000	11	
1026	2025-07-04T13:30:00.000	11	
1027	2025-07-04T13:35:00.000	11	
1028	2025-07-04T13:40:00.000	11	
1029	2025-07-04T13:45:00.000	11	
1030	2025-07-04T13:50:00.000	11	
1031	2025-07-04T13:55:00.000	11	
1032	2025-07-04T14:00:00.000	11	
1033	2025-07-04T14:05:00.000	11	
1034	2025-07-04T14:10:00.000	11	
1035	2025-07-04T14:15:00.000	11	
1036	2025-07-04T14:20:00.000	11	
1037	2025-07-04T14:25:00.000	11	
1038	2025-07-04T14:30:00.000	11	
1039	2025-07-04T14:35:00.000	11	
1040	2025-07-04T14:40:00.000	11	
1041	2025-07-04T14:45:00.000	11	
1042	2025-07-04T14:50:00.000	11	
1043	2025-07-04T14:55:00.000	11	
1044	2025-07-04T15:00:00.000	11	
1045	2025-07-04T15:05:00.000	11	
1046	2025-07-04T15:10:00.000	11	
1047	2025-07-04T15:15:00.000	11	
1048	2025-07-04T15:20:00.000	11	
1049	2025-07-04T15:25:00.000	11	
1050	2025-07-04T15:30:00.000	11	
1051	2025-07-04T15:35:00.000	11	
1052	2025-07-04T15:40:00.000	11	
1053	2025-07-04T15:45:00.000	11	
1054	2025-07-04T15:50:00.000	11	
1055	2025-07-04T15:55:00.000	11	
1056	2025-07-04T16:00:00.000	11	
1057	2025-07-04T16:05:00.000	11	
1058	2025-07-04T16:10:00.000	11	
1059	2025-07-04T16:15:00.000	11	
1060	2025-07-04T16:20:00.000	11	
1061	2025-07-04T16:25:00.000	11	
1062	2025-07-04T16:30:00.000	11	
1063	2025-07-04T16:35:00.000	11	
1064	2025-07-04T16:40:00.000	11	
1065	2025-07-04T16:45:00.000	11	
1066	2025-07-04T16:50:00.000	11	
1067	2025-07-04T16:55:00.000	11	
1068	2025-07-04T17:00:00.000	11	
1069	2025-07-04T17:05:00.000	11	
1070	2025-07-04T17:10:00.000	11	
1071	2025-07-04T17:15:00.000	11	
1072	2025-07-04T17:20:00.000	11	
1073	2025-07-04T17:25:00.000	11	
1074	2025-07-04T17:30:00.000	11	
1075	2025-07-04T17:35:00.000	11	
1076	2025-07-04T17:40:00.000	11	
1077	2025-07-04T17:45:00.000	11	
1078	2025-07-04T17:50:00.000	11	
1079	2025-07-04T17:55:00.000	11	
1080	2025-07-04T18:00:00.000	11	
1081	2025-07-04T18:05:00.000	11	
1082	2025-07-04T18:10:00.000	11	
1083	2025-07-04T18:15:00.000	11	
1084	2025-07-04T18:20:00.000	11	
1085	2025-07-04T18:25:00.000	11	
1086	2025-07-04T18:30:00.000	11	
1087	2025-07-04T18:35:00.000	11	
1088	2025-07-04T18:40:00.000	11	
1089	2025-07-04T18:45:00.000	11	
1090	2025-07-04T18:50:00.000	11	
1091	2025-07-04T18:55:00.000	11	
1092	2025-07-04T19:00:00.000	11	
1093	2025-07-04T19:05:00.000	11	
1094	2025-07-04T19:10:00.000	11	
1095	2025-07-04T19:15:00.000	11	
1096	2025-07-04T19:20:00.000	11	
1097	2025-07-04T19:25:00.000	11	
1098	2025-07-04T19:30:00.000	11	
1099	2025-07-04T19:35:00.000	11	
1100	2025-07-04T19:40:00.000	11	
1101	2025-07-04T19:45:00.000	11	
1102	2025-07-04T19:50:00.000	11	
1103	2025-07-04T19:55:00.000	11	
1104	2025-07-04T20:00:00.000	11	
1105	2025-07-04T20:05:00.000	11	
1106	2025-07-04T20:10:00.000	11	
1107	2025-07-04T20:15:00.000	11	
1108	2025-07-04T20:20:00.000	11	
1109	2025-07-04T20:25:00.000	11	
1110	2025-07-04T20:30:00.000	11	
1111	2025-07-04T20:35:00.000	11	
1112	2025-07-04T20:40:00.000	11	
1113	2025-07-04T20:45:00.000	11	
1114	2025-07-04T20:50:00.000	11	
1115	2025-07-04T20:55:00.000	11	
1116	2025-07-04T21:00:00.000	11	
1117	2025-07-04T21:05:00.000	11	
1118	2025-07-04T21:10:00.000	11	
1119	2025-07-04T21:15:00.000	11	
1120	2025-07-04T21:20:00.000	11	
1121	2025-07-04T21:25:00.000	11	
1122	2025-07-04T21:30:00.000	11	
1123	2025-07-04T21:35:00.000	11	
1124	2025-07-04T21:40:00.000	11	
1125	2025-07-04T21:45:00.000	11	
1126	2025-07-04T21:50:00.000	11	
1127	2025-07-04T21:55:00.000	11	
1128	2025-07-04T22:00:00.000	11	
1129	2025-07-04T22:05:00.000	11	
1130	2025-07-04T22:10:00.000	11	
1131	2025-07-04T22:15:00.000	11	
1132	2025-07-04T22:20:00.000	11	
1133	2025-07-04T22:25:00.000	11	
1134	2025-07-04T22:30:00.000	11	
1135	2025-07-04T22:35:00.000	11	
1136	2025-07-04T22:40:00.000	11	
1137	2025-07-04T22:45:00.000	11	
1138	2025-07-04T22:50:00.000	11	
1139	2025-07-04T22:55:00.000	11	
1140	2025-07-04T23:00:00.000	11	
1141	2025-07-04T23:05:00.000	11	
1142	2025-07-04T23:10:00.000	11	
1143	2025-07-04T23:15:00.000	11	
1144	2025-07-04T23:20:00.000	11	
1145	2025-07-04T23:25:00.000	11	
1146	2025-07-04T23:30:00.000	11	
1147	2025-07-04T23:35:00.000	11	
1148	2025-07-04T23:40:00.000	11	
1149	2025-07-04T23:45:00.000	11	
1150	2025-07-04T23:50:00.000	11	
1151	2025-07-04T23:55:00.000	11	
1152	2025-07-05T00:00:00.000	11	
1153	2025-07-05T00:05:00.000	11	
1154	2025-07-05T00:10:00.000	11	
1155	2025-07-05T00:15:00.000	11	
1156	2025-07-05T00:20:00.000	11	
1157	2025-07-05T00:25:00.000	11	
1158	2025-07-05T00:30:00.000	11	
1159	2025-07-05T00:35:00.000	11	
1160	2025-07-05T00:40:00.000	11	
1161	2025-07-05T00:45:00.000	11	
1162	2025-07-05T00:50:00.000	11	
1163	2025-07-05T00:55:00.000	11	
1164	2025-07-05T01:00:00.000	11	
1165	2025-07-05T01:05:00.000	11	
1166	2025-07-05T01:10:00.000	11	
1167	2025-07-05T01:15:00.000	11	
1168	2025-07-05T01:20:00.000	11	
1169	2025-07-05T01:25:00.000	11	
1170	2025-07-05T01:30:00.000	11	
1171	2025-07-05T01:35:00.000	11	
1172	2025-07-05T01:40:00.000	11	
1173	2025-07-05T01:45:00.000	11	
1174	2025-07-05T01:50:00.000	11	
1175	2025-07-05T01:55:00.000	11	
1176	2025-07-05T02:00:00.000	11	
1177	2025-07-05T02:05:00.000	11	
1178	2025-07-05T02:10:00.000	11	
1179	2025-07-05T02:15:00.000	11	
1180	2025-07-05T02:20:00.000	11	
1181	2025-07-05T02:25:00.000	11	
1182	2025-07-05T02:30:00.000	11	
1183	2025-07-05T02:35:00.000	11	
1184	2025-07-05T02:40:00.000	11	
1185	2025-07-05T02:45:00.000	11	
1186	2025-07-05T02:50:00.000	11	
1187	2025-07-05T02:55:00.000	11	
1188	2025-07-05T03:00:00.000	11	
1189	2025-07-05T03:05:00.000	11	
1190	2025-07-05T03:10:00.000	11	
1191	2025-07-05T03:15:00.000	11	
1192	2025-07-05T03:20:00.000	11	
1193	2025-07-05T03:25:00.000	11	
1194	2025-07-05T03:30:00.000	11	
1195	2025-07-05T03:35:00.000	11	
1196	2025-07-05T03:40:00.000	11	
1197	2025-07-05T03:45:00.000	11	
1198	2025-07-05T03:50:00.000	11	
1199	2025-07-05T03:55:00.000	11	
1200	2025-07-05T04:00:00.000	11	
1201	2025-07-05T04:05:00.000	11	
1202	2025-07-05T04:10:00.000	11	
1203	2025-07-05T04:15:00.000	11	
1204	2025-07-05T04:20:00.000	11	
1205	2025-07-05T04:25:00.000	11	
1206	2025-07-05T04:30:00.000	11	
1207	2025-07-05T04:35:00.000	11	
1208	2025-07-05T04:40:00.000	11	
1209	2025-07-05T04:45:00.000	11	
1210	2025-07-05T04:50:00.000	11	
1211	2025-07-05T04:55:00.000	11	
1212	2025-07-05T05:00:00.000	11	
1213	2025-07-05T05:05:00.000	11	
1214	2025-07-05T05:10:00.000	11	
1215	2025-07-05T05:15:00.000	11	
1216	2025-07-05T05:20:00.000	11	
1217	2025-07-05T05:25:00.000	11	
1218	2025-07-05T05:30:00.000	11	
1219	2025-07-05T05:35:00.000	11	
1220	2025-07-05T05:40:00.000	11	
1221	2025-07-05T05:45:00.000	11	
1222	2025-07-05T05:50:00.000	11	
1223	2025-07-05T05:55:00.000	11	
1224	2025-07-05T06:00:00.000	11	
1225	2025-07-05T06:05:00.000	11	
1226	2025-07-05T06:10:00.000	11	
1227	2025-07-05T06:15:00.000	11	
1228	2025-07-05T06:20:00.000	11	
1229	2025-07-05T06:25:00.000	11	
1230	2025-07-05T06:30:00.000	11	
1231	2025-07-05T06:35:00.000	11	
1232	2025-07-05T06:40:00.000	11	
1233	2025-07-05T06:45:00.000	11	
1234	2025-07-05T06:50:00.000	11	
1235	2025-07-05T06:55:00.000	11	
1236	2025-07-05T07:00:00.000	11	
1237	2025-07-05T07:05:00.000	11	
1238	2025-07-05T07:10:00.000	11	
1239	2025-07-05T07:15:00.000	11	
1240	2025-07-05T07:20:00.000	11	
1241	2025-07-05T07:25:00.000	11	
1242	2025-07-05T07:30:00.000	11	
1243	2025-07-05T07:35:00.000	11	
1244	2025-07-05T07:40:00.000	11	
1245	2025-07-05T07:45:00.000	11	
1246	2025-07-05T07:50:00.000	11	
1247	2025-07-05T07:55:00.000	11	
1248	2025-07-05T08:00:00.000	11	
1249	2025-07-05T08:05:00.000	11	
1250	2025-07-05T08:10:00.000	11	
1251	2025-07-05T08:15:00.000	11	
1252	2025-07-05T08:20:00.000	11	
1253	2025-07-05T08:25:00.000	11	
1254	2025-07-05T08:30:00.000	11	
1255	2025-07-05T08:35:00.000	11	
1256	2025-07-05T08:40:00.000	11	
1257	2025-07-05T08:45:00.000	11	
1258	2025-07-05T08:50:00.000	11	
1259	2025-07-05T08:55:00.000	11	
1260	2025-07-05T09:00:00.000	11	
1261	2025-07-05T09:05:00.000	11	
1262	2025-07-05T09:10:00.000	11	
1263	2025-07-05T09:15:00.000	11	
1264	2025-07-05T09:20:00.000	11	
1265	2025-07-05T09:25:00.000	11	
1266	2025-07-05T09:30:00.000	11	
1267	2025-07-05T09:35:00.000	11	
1268	2025-07-05T09:40:00.000	11	
1269	2025-07-05T09:45:00.000	11	
1270	2025-07-05T09:50:00.000	11	
1271	2025-07-05T09:55:00.000	11	
1272	2025-07-05T10:00:00.000	11	
1273	2025-07-05T10:05:00.000	11	
1274	2025-07-05T10:10:00.000	11	
1275	2025-07-05T10:15:00.000	11	
1276	2025-07-05T10:20:00.000	11	
1277	2025-07-05T10:25:00.000	11	
1278	2025-07-05T10:30:00.000	11	
1279	2025-07-05T10:35:00.000	11	
1280	2025-07-05T10:40:00.000	11	
1281	2025-07-05T10:45:00.000	11	
1282	2025-07-05T10:50:00.000	11	
1283	2025-07-05T10:55:00.000	11	
1284	2025-07-05T11:00:00.000	11	
1285	2025-07-05T11:05:00.000	11	
1286	2025-07-05T11:10:00.000	11	
1287	2025-07-05T11:15:00.000	11	
1288	2025-07-05T11:20:00.000	11	
1289	2025-07-05T11:25:00.000	11	
1290	2025-07-05T11:30:00.000	11	
1291	2025-07-05T11:35:00.000	11	
1292	2025-07-05T11:40:00.000	11	
1293	2025-07-05T11:45:00.000	11	
1294	2025-07-05T11:50:00.000	11	
1295	2025-07-05T11:55:00.000	11	
1296	2025-07-05T12:00:00.000	11	
1297	2025-07-05T12:05:00.000	11	
1298	2025-07-05T12:10:00.000	11	
1299	2025-07-05T12:15:00.000	11	
1300	2025-07-05T12:20:00.000	11	
1301	2025-07-05T12:25:00.000	11	
1302	2025-07-05T12:30:00.000	11	
1303	2025-07-05T12:35:00.000	11	
1304	2025-07-05T12:40:00.000	11	
1305	2025-07-05T12:45:00.000	11	
1306	2025-07-05T12:50:00.000	11	
1307	2025-07-05T12:55:00.000	11	
1308	2025-07-05T13:00:00.000	11	
1309	2025-07-05T13:05:00.000	11	
1310	2025-07-05T13:10:00.000	11	
1311	2025-07-05T13:15:00.000	11	
1312	2025-07-05T13:20:00.000	11	
1313	2025-07-05T13:25:00.000	11	
1314	2025-07-05T13:30:00.000	11	
1315	2025-07-05T13:35:00.000	11	
1316	2025-07-05T13:40:00.000	11	
1317	2025-07-05T13:45:00.000	11	
1318	2025-07-05T13:50:00.000	11	
1319	2025-07-05T13:55:00.000	11	
1320	2025-07-05T14:00:00.000	11	
1321	2025-07-05T14:05:00.000	11	
1322	2025-07-05T14:10:00.000	11	
1323	2025-07-05T14:15:00.000	11	
1324	2025-07-05T14:20:00.000	11	
1325	2025-07-05T14:25:00.000	11	
1326	2025-07-05T14:30:00.000	11	
1327	2025-07-05T14:35:00.000	11	
1328	2025-07-05T14:40:00.000	11	
1329	2025-07-05T14:45:00.000	11	
1330	2025-07-05T14:50:00.000	11	
1331	2025-07-05T14:55:00.000	11	
1332	2025-07-05T15:00:00.000	11	
1333	2025-07-05T15:05:00.000	11	
1334	2025-07-05T15:10:00.000	11	
1335	2025-07-05T15:15:00.000	11	
1336	2025-07-05T15:20:00.000	11	
1337	2025-07-05T15:25:00.000	11	
1338	2025-07-05T15:30:00.000	11	
1339	2025-07-05T15:35:00.000	11	
1340	2025-07-05T15:40:00.000	11	
1341	2025-07-05T15:45:00.000	11	
1342	2025-07-05T15:50:00.000	11	
1343	2025-07-05T15:55:00.000	11	
1344	2025-07-05T16:00:00.000	11	
1345	2025-07-05T16:05:00.000	11	
1346	2025-07-05T16:10:00.000	11	
1347	2025-07-05T16:15:00.000	11	
1348	2025-07-05T16:20:00.000	11	
1349	2025-07-05T16:25:00.000	11	
1350	2025-07-05T16:30:00.000	11	
1351	2025-07-05T16:35:00.000	11	
1352	2025-07-05T16:40:00.000	11	
1353	2025-07-05T16:45:00.000	11	
1354	2025-07-05T16:50:00.000	11	
1355	2025-07-05T16:55:00.000	11	
1356	2025-07-05T17:00:00.000	11	
1357	2025-07-05T17:05:00.000	11	
1358	2025-07-05T17:10:00.000	11	
1359	2025-07-05T17:15:00.000	11	
1360	2025-07-05T17:20:00.000	11	
1361	2025-07-05T17:25:00.000	11	
1362	2025-07-05T17:30:00.000	11	
1363	2025-07-05T17:35:00.000	11	
1364	2025-07-05T17:40:00.000	11	
1365	2025-07-05T17:45:00.000	11	
1366	2025-07-05T17:50:00.000	11	
1367	2025-07-05T17:55:00.000	11	
1368	2025-07-05T18:00:00.000	11	
1369	2025-07-05T18:05:00.000	11	
1370	2025-07-05T18:10:00.000	11	
1371	2025-07-05T18:15:00.000	11	
1372	2025-07-05T18:20:00.000	11	
1373	2025-07-05T18:25:00.000	11	
1374	2025-07-05T18:30:00.000	11	
1375	2025-07-05T18:35:00.000	11	
1376	2025-07-05T18:40:00.000	11	
1377	2025-07-05T18:45:00.000	11	
1378	2025-07-05T18:50:00.000	11	
1379	2025-07-05T18:55:00.000	11	
1380	2025-07-05T19:00:00.000	11	
1381	2025-07-05T19:05:00.000	11	
1382	2025-07-05T19:10:00.000	11	
1383	2025-07-05T19:15:00.000	11	
1384	2025-07-05T19:20:00.000	11	
1385	2025-07-05T19:25:00.000	11	
1386	2025-07-05T19:30:00.000	11	
1387	2025-07-05T19:35:00.000	11	
1388	2025-07-05T19:40:00.000	11	
1389	2025-07-05T19:45:00.000	11	
1390	2025-07-05T19:50:00.000	11	
1391	2025-07-05T19:55:00.000	11	
1392	2025-07-05T20:00:00.000	11	
1393	2025-07-05T20:05:00.000	11	
1394	2025-07-05T20:10:00.000	11	
1395	2025-07-05T20:15:00.000	11	
1396	2025-07-05T20:20:00.000	11	
1397	2025-07-05T20:25:00.000	11	
1398	2025-07-05T20:30:00.000	11	
1399	2025-07-05T20:35:00.000	11	
1400	2025-07-05T20:40:00.000	11	
1401	2025-07-05T20:45:00.000	11	
1402	2025-07-05T20:50:00.000	11	
1403	2025-07-05T20:55:00.000	11	
1404	2025-07-05T21:00:00.000	11	
1405	2025-07-05T21:05:00.000	11	
1406	2025-07-05T21:10:00.000	11	
1407	2025-07-05T21:15:00.000	11	
1408	2025-07-05T21:20:00.000	11	
1409	2025-07-05T21:25:00.000	11	
1410	2025-07-05T21:30:00.000	11	
1411	2025-07-05T21:35:00.000	11	
1412	2025-07-05T21:40:00.000	11	
1413	2025-07-05T21:45:00.000	11	
1414	2025-07-05T21:50:00.000	11	
1415	2025-07-05T21:55:00.000	11	
1416	2025-07-05T22:00:00.000	11	
1417	2025-07-05T22:05:00.000	11	
1418	2025-07-05T22:10:00.000	11	
1419	2025-07-05T22:15:00.000	11	
1420	2025-07-05T22:20:00.000	11	
1421	2025-07-05T22:25:00.000	11	
1422	2025-07-05T22:30:00.000	11	
1423	2025-07-05T22:35:00.000	11	
1424	2025-07-05T22:40:00.000	11	
1425	2025-07-05T22:45:00.000	11	
1426	2025-07-05T22:50:00.000	11	
1427	2025-07-05T22:55:00.000	11	
1428	2025-07-05T23:00:00.000	11	
1429	2025-07-05T23:05:00.000	11	
1430	2025-07-05T23:10:00.000	11	
1431	2025-07-05T23:15:00.000	11	
1432	2025-07-05T23:20:00.000	11	
1433	2025-07-05T23:25:00.000	11	
1434	2025-07-05T23:30:00.000	11	
1435	2025-07-05T23:35:00.000	11	
1436	2025-07-05T23:40:00.000	11	
1437	2025-07-05T23:45:00.000	11	
1438	2025-07-05T23:50:00.000	11	
1439	2025-07-05T23:55:00.000	11	
1440	2025-07-06T00:00:00.000	11	
1441	2025-07-06T00:05:00.000	11	
1442	2025-07-06T00:10:00.000	11	
1443	2025-07-06T00:15:00.000	11	
1444	2025-07-06T00:20:00.000	11	
1445	2025-07-06T00:25:00.000	11	
1446	2025-07-06T00:30:00.000	11	
1447	2025-07-06T00:35:00.000	11	
1448	2025-07-06T00:40:00.000	11	
1449	2025-07-06T00:45:00.000	11	
1450	2025-07-06T00:50:00.000	11	
1451	2025-07-06T00:55:00.000	11	
1452	2025-07-06T01:00:00.000	11	
1453	2025-07-06T01:05:00.000	11	
1454	2025-07-06T01:10:00.000	11	
1455	2025-07-06T01:15:00.000	11	
1456	2025-07-06T01:20:00.000	11	
1457	2025-07-06T01:25:00.000	11	
1458	2025-07-06T01:30:00.000	11	
1459	2025-07-06T01:35:00.000	11	
1460	2025-07-06T01:40:00.000	11	
1461	2025-07-06T01:45:00.000	11	
1462	2025-07-06T01:50:00.000	11	
1463	2025-07-06T01:55:00.000	11	
1464	2025-07-06T02:00:00.000	11	
1465	2025-07-06T02:05:00.000	11	
1466	2025-07-06T02:10:00.000	11	
1467	2025-07-06T02:15:00.000	11	
1468	2025-07-06T02:20:00.000	11	
1469	2025-07-06T02:25:00.000	11	
1470	2025-07-06T02:30:00.000	11	
1471	2025-07-06T02:35:00.000	11	
1472	2025-07-06T02:40:00.000	11	
1473	2025-07-06T02:45:00.000	11	
1474	2025-07-06T02:50:00.000	11	
1475	2025-07-06T02:55:00.000	11	
1476	2025-07-06T03:00:00.000	11	
1477	2025-07-06T03:05:00.000	11	
1478	2025-07-06T03:10:00.000	11	
1479	2025-07-06T03:15:00.000	11	
1480	2025-07-06T03:20:00.000	11	
1481	2025-07-06T03:25:00.000	11	
1482	2025-07-06T03:30:00.000	11	
1483	2025-07-06T03:35:00.000	11	
1484	2025-07-06T03:40:00.000	11	
1485	2025-07-06T03:45:00.000	11	
1486	2025-07-06T03:50:00.000	11	
1487	2025-07-06T03:55:00.000	11	
1488	2025-07-06T04:00:00.000	11	
1489	2025-07-06T04:05:00.000	11	
1490	2025-07-06T04:10:00.000	11	
1491	2025-07-06T04:15:00.000	11	
1492	2025-07-06T04:20:00.000	11	
1493	2025-07-06T04:25:00.000	11	
1494	2025-07-06T04:30:00.000	11	
1495	2025-07-06T04:35:00.000	11	
1496	2025-07-06T04:40:00.000	11	
1497	2025-07-06T04:45:00.000	11	
1498	2025-07-06T04:50:00.000	11	
1499	2025-07-06T04:55:00.000	11	
1500	2025-07-06T05:00:00.000	11	
1501	2025-07-06T05:05:00.000	11	
1502	2025-07-06T05:10:00.000	11	
1503	2025-07-06T05:15:00.000	11	
1504	2025-07-06T05:20:00.000	11	
1505	2025-07-06T05:25:00.000	11	
1506	2025-07-06T05:30:00.000	11	
1507	2025-07-06T05:35:00.000	11	
1508	2025-07-06T05:40:00.000	11	
1509	2025-07-06T05:45:00.000	11	
1510	2025-07-06T05:50:00.000	11	
1511	2025-07-06T05:55:00.000	11	
1512	2025-07-06T06:00:00.000	11	
1513	2025-07-06T06:05:00.000	11	
1514	2025-07-06T06:10:00.000	11	
1515	2025-07-06T06:15:00.000	11	
1516	2025-07-06T06:20:00.000	11	
1517	2025-07-06T06:25:00.000	11	
1518	2025-07-06T06:30:00.000	11	
1519	2025-07-06T06:35:00.000	11	
1520	2025-07-06T06:40:00.000	11	
1521	2025-07-06T06:45:00.000	11	
1522	2025-07-06T06:50:00.000	11	
1523	2025-07-06T06:55:00.000	11	
1524	2025-07-06T07:00:00.000	11	
1525	2025-07-06T07:05:00.000	11	
1526	2025-07-06T07:10:00.000	11	
1527	2025-07-06T07:15:00.000	11	
1528	2025-07-06T07:20:00.000	11	
1529	2025-07-06T07:25:00.000	11	
1530	2025-07-06T07:30:00.000	11	
1531	2025-07-06T07:35:00.000	11	
1532	2025-07-06T07:40:00.000	11	
1533	2025-07-06T07:45:00.000	11	
1534	2025-07-06T07:50:00.000	11	
1535	2025-07-06T07:55:00.000	11	
1536	2025-07-06T08:00:00.000	11	
1537	2025-07-06T08:05:00.000	11	
1538	2025-07-06T08:10:00.000	11	
1539	2025-07-06T08:15:00.000	11	
1540	2025-07-06T08:20:00.000	11	
1541	2025-07-06T08:25:00.000	11	
1542	2025-07-06T08:30:00.000	11	
1543	2025-07-06T08:35:00.000	11	
1544	2025-07-06T08:40:00.000	11	
1545	2025-07-06T08:45:00.000	11	
1546	2025-07-06T08:50:00.000	11	
1547	2025-07-06T08:55:00.000	11	
1548	2025-07-06T09:00:00.000	11	
1549	2025-07-06T09:05:00.000	11	
1550	2025-07-06T09:10:00.000	11	
1551	2025-07-06T09:15:00.000	11	
1552	2025-07-06T09:20:00.000	11	
1553	2025-07-06T09:25:00.000	11	
1554	2025-07-06T09:30:00.000	11	
1555	2025-07-06T09:35:00.000	11	
1556	2025-07-06T09:40:00.000	11	
1557	2025-07-06T09:45:00.000	11	
1558	2025-07-06T09:50:00.000	11	
1559	2025-07-06T09:55:00.000	11	
1560	2025-07-06T10:00:00.000	11	
1561	2025-07-06T10:05:00.000	11	
1562	2025-07-06T10:10:00.000	11	
1563	2025-07-06T10:15:00.000	11	
1564	2025-07-06T10:20:00.000	11	
1565	2025-07-06T10:25:00.000	11	
1566	2025-07-06T10:30:00.000	11	
1567	2025-07-06T10:35:00.000	11	
1568	2025-07-06T10:40:00.000	11	
1569	2025-07-06T10:45:00.000	11	
1570	2025-07-06T10:50:00.000	11	
1571	2025-07-06T10:55:00.000	11	
1572	2025-07-06T11:00:00.000	11	
1573	2025-07-06T11:05:00.000	11	
1574	2025-07-06T11:10:00.000	11	
1575	2025-07-06T11:15:00.000	11	
1576	2025-07-06T11:20:00.000	11	
1577	2025-07-06T11:25:00.000	11	
1578	2025-07-06T11:30:00.000	11	
1579	2025-07-06T11:35:00.000	11	
1580	2025-07-06T11:40:00.000	11	
1581	2025-07-06T11:45:00.000	11	
1582	2025-07-06T11:50:00.000	11	
1583	2025-07-06T11:55:00.000	11	
1584	2025-07-06T12:00:00.000	11	
1585	2025-07-06T12:05:00.000	11	
1586	2025-07-06T12:10:00.000	11	
1587	2025-07-06T12:15:00.000	11	
1588	2025-07-06T12:20:00.000	11	
1589	2025-07-06T12:25:00.000	11	
1590	2025-07-06T12:30:00.000	11	
1591	2025-07-06T12:35:00.000	11	
1592	2025-07-06T12:40:00.000	11	
1593	2025-07-06T12:45:00.000	11	
1594	2025-07-06T12:50:00.000	11	
1595	2025-07-06T12:55:00.000	11	
1596	2025-07-06T13:00:00.000	11	
1597	2025-07-06T13:05:00.000	11	
1598	2025-07-06T13:10:00.000	11	
1599	2025-07-06T13:15:00.000	11	
1600	2025-07-06T13:20:00.000	11	
1601	2025-07-06T13:25:00.000	11	
1602	2025-07-06T13:30:00.000	11	
1603	2025-07-06T13:35:00.000	11	
1604	2025-07-06T13:40:00.000	11	
1605	2025-07-06T13:45:00.000	11	
1606	2025-07-06T13:50:00.000	11	
1607	2025-07-06T13:55:00.000	11	
1608	2025-07-06T14:00:00.000	11	
1609	2025-07-06T14:05:00.000	11	
1610	2025-07-06T14:10:00.000	11	
1611	2025-07-06T14:15:00.000	11	
1612	2025-07-06T14:20:00.000	11	
1613	2025-07-06T14:25:00.000	11	
1614	2025-07-06T14:30:00.000	11	
1615	2025-07-06T14:35:00.000	11	
1616	2025-07-06T14:40:00.000	11	
1617	2025-07-06T14:45:00.000	11	
1618	2025-07-06T14:50:00.000	11	
1619	2025-07-06T14:55:00.000	11	
1620	2025-07-06T15:00:00.000	11	
1621	2025-07-06T15:05:00.000	11	
1622	2025-07-06T15:10:00.000	11	
1623	2025-07-06T15:15:00.000	11	
1624	2025-07-06T15:20:00.000	11	
1625	2025-07-06T15:25:00.000	11	
1626	2025-07-06T15:30:00.000	11	
1627	2025-07-06T15:35:00.000	11	
1628	2025-07-06T15:40:00.000	11	
1629	2025-07-06T15:45:00.000	11	
1630	2025-07-06T15:50:00.000	11	
1631	2025-07-06T15:55:00.000	11	
1632	2025-07-06T16:00:00.000	11	
1633	2025-07-06T16:05:00.000	11	
1634	2025-07-06T16:10:00.000	11	
1635	2025-07-06T16:15:00.000	11	
1636	2025-07-06T16:20:00.000	11	
1637	2025-07-06T16:25:00.000	11	
1638	2025-07-06T16:30:00.000	11	
1639	2025-07-06T16:35:00.000	11	
1640	2025-07-06T16:40:00.000	11	
1641	2025-07-06T16:45:00.000	11	
1642	2025-07-06T16:50:00.000	11	
1643	2025-07-06T16:55:00.000	11	
1644	2025-07-06T17:00:00.000	11	
1645	2025-07-06T17:05:00.000	11	
1646	2025-07-06T17:10:00.000	11	
1647	2025-07-06T17:15:00.000	11	
1648	2025-07-06T17:20:00.000	11	
1649	2025-07-06T17:25:00.000	11	
1650	2025-07-06T17:30:00.000	11	
1651	2025-07-06T17:35:00.000	11	
1652	2025-07-06T17:40:00.000	11	
1653	2025-07-06T17:45:00.000	11	
1654	2025-07-06T17:50:00.000	11	
1655	2025-07-06T17:55:00.000	11	
1656	2025-07-06T18:00:00.000	11	
1657	2025-07-06T18:05:00.000	11	
1658	2025-07-06T18:10:00.000	11	
1659	2025-07-06T18:15:00.000	11	
1660	2025-07-06T18:20:00.000	11	
1661	2025-07-06T18:25:00.000	11	
1662	2025-07-06T18:30:00.000	11	
1663	2025-07-06T18:35:00.000	11	
1664	2025-07-06T18:40:00.000	11	
1665	2025-07-06T18:45:00.000	11	
1666	2025-07-06T18:50:00.000	11	
1667	2025-07-06T18:55:00.000	11	
1668	2025-07-06T19:00:00.000	11	
1669	2025-07-06T19:05:00.000	11	
1670	2025-07-06T19:10:00.000	11	
1671	2025-07-06T19:15:00.000	11	
1672	2025-07-06T19:20:00.000	11	
1673	2025-07-06T19:25:00.000	11	
1674	2025-07-06T19:30:00.000	11	
1675	2025-07-06T19:35:00.000	11	
1676	2025-07-06T19:40:00.000	11	
1677	2025-07-06T19:45:00.000	11	
1678	2025-07-06T19:50:00.000	11	
1679	2025-07-06T19:55:00.000	11	
1680	2025-07-06T20:00:00.000	11	
1681	2025-07-06T20:05:00.000	11	
1682	2025-07-06T20:10:00.000	11	
1683	2025-07-06T20:15:00.000	11	
1684	2025-07-06T20:20:00.000	11	
1685	2025-07-06T20:25:00.000	11	
1686	2025-07-06T20:30:00.000	11	
1687	2025-07-06T20:35:00.000	11	
1688	2025-07-06T20:40:00.000	11	
1689	2025-07-06T20:45:00.000	11	
1690	2025-07-06T20:50:00.000	11	
1691	2025-07-06T20:55:00.000	11	
1692	2025-07-06T21:00:00.000	11	
1693	2025-07-06T21:05:00.000	11	
1694	2025-07-06T21:10:00.000	11	
1695	2025-07-06T21:15:00.000	11	
1696	2025-07-06T21:20:00.000	11	
1697	2025-07-06T21:25:00.000	11	
1698	2025-07-06T21:30:00.000	11	
1699	2025-07-06T21:35:00.000	11	
1700	2025-07-06T21:40:00.000	11	
1701	2025-07-06T21:45:00.000	11	
1702	2025-07-06T21:50:00.000	11	
1703	2025-07-06T21:55:00.000	11	
1704	2025-07-06T22:00:00.000	11	
1705	2025-07-06T22:05:00.000	11	
1706	2025-07-06T22:10:00.000	11	
1707	2025-07-06T22:15:00.000	11	
1708	2025-07-06T22:20:00.000	11	
1709	2025-07-06T22:25:00.000	11	
1710	2025-07-06T22:30:00.000	11	
1711	2025-07-06T22:35:00.000	11	
1712	2025-07-06T22:40:00.000	11	
1713	2025-07-06T22:45:00.000	11	
1714	2025-07-06T22:50:00.000	11	
1715	2025-07-06T22:55:00.000	11	
1716	2025-07-06T23:00:00.000	11	
1717	2025-07-06T23:05:00.000	11	
1718	2025-07-06T23:10:00.000	11	
1719	2025-07-06T23:15:00.000	11	
1720	2025-07-06T23:20:00.000	11	
1721	2025-07-06T23:25:00.000	11	
1722	2025-07-06T23:30:00.000	11	
1723	2025-07-06T23:35:00.000	11	
1724	2025-07-06T23:40:00.000	11	
1725	2025-07-06T23:45:00.000	11	
1726	2025-07-06T23:50:00.000	11	
1727	2025-07-06T23:55:00.000	11	
1728	2025-07-07T00:00:00.000	11	
1729	2025-07-07T00:05:00.000	11	
1730	2025-07-07T00:10:00.000	11	
1731	2025-07-07T00:15:00.000	11	
1732	2025-07-07T00:20:00.000	11	
1733	2025-07-07T00:25:00.000	11	
1734	2025-07-07T00:30:00.000	11	
1735	2025-07-07T00:35:00.000	11	
1736	2025-07-07T00:40:00.000	11	
1737	2025-07-07T00:45:00.000	11	
1738	2025-07-07T00:50:00.000	11	
1739	2025-07-07T00:55:00.000	11	
1740	2025-07-07T01:00:00.000	11	
1741	2025-07-07T01:05:00.000	11	
1742	2025-07-07T01:10:00.000	11	
1743	2025-07-07T01:15:00.000	11	
1744	2025-07-07T01:20:00.000	11	
1745	2025-07-07T01:25:00.000	11	
1746	2025-07-07T01:30:00.000	11	
1747	2025-07-07T01:35:00.000	11	
1748	2025-07-07T01:40:00.000	11	
1749	2025-07-07T01:45:00.000	11	
1750	2025-07-07T01:50:00.000	11	
1751	2025-07-07T01:55:00.000	11	
1752	2025-07-07T02:00:00.000	11	
1753	2025-07-07T02:05:00.000	11	
1754	2025-07-07T02:10:00.000	11	
1755	2025-07-07T02:15:00.000	11	
1756	2025-07-07T02:20:00.000	11	
1757	2025-07-07T02:25:00.000	11	
1758	2025-07-07T02:30:00.000	11	
1759	2025-07-07T02:35:00.000	11	
1760	2025-07-07T02:40:00.000	11	
1761	2025-07-07T02:45:00.000	11	
1762	2025-07-07T02:50:00.000	11	
1763	2025-07-07T02:55:00.000	11	
1764	2025-07-07T03:00:00.000	11	
1765	2025-07-07T03:05:00.000	11	
1766	2025-07-07T03:10:00.000	11	
1767	2025-07-07T03:15:00.000	11	
1768	2025-07-07T03:20:00.000	11	
1769	2025-07-07T03:25:00.000	11	
1770	2025-07-07T03:30:00.000	11	
1771	2025-07-07T03:35:00.000	11	
1772	2025-07-07T03:40:00.000	11	
1773	2025-07-07T03:45:00.000	11	
1774	2025-07-07T03:50:00.000	11	
1775	2025-07-07T03:55:00.000	11	
1776	2025-07-07T04:00:00.000	11	
1777	2025-07-07T04:05:00.000	11	
1778	2025-07-07T04:10:00.000	11	
1779	2025-07-07T04:15:00.000	11	
1780	2025-07-07T04:20:00.000	11	
1781	2025-07-07T04:25:00.000	11	
1782	2025-07-07T04:30:00.000	11	
1783	2025-07-07T04:35:00.000	11	
1784	2025-07-07T04:40:00.000	11	
1785	2025-07-07T04:45:00.000	11	
1786	2025-07-07T04:50:00.000	11	
1787	2025-07-07T04:55:00.000	11	
1788	2025-07-07T05:00:00.000	11	
1789	2025-07-07T05:05:00.000	11	
1790	2025-07-07T05:10:00.000	11	
1791	2025-07-07T05:15:00.000	11	
1792	2025-07-07T05:20:00.000	11	
1793	2025-07-07T05:25:00.000	11	
1794	2025-07-07T05:30:00.000	11	
1795	2025-07-07T05:35:00.000	11	
1796	2025-07-07T05:40:00.000	11	
1797	2025-07-07T05:45:00.000	11	
1798	2025-07-07T05:50:00.000	11	
1799	2025-07-07T05:55:00.000	11	
1800	2025-07-07T06:00:00.000	11	
1801	2025-07-07T06:05:00.000	11	
1802	2025-07-07T06:10:00.000	11	
1803	2025-07-07T06:15:00.000	11	
1804	2025-07-07T06:20:00.000	11	
1805	2025-07-07T06:25:00.000	11	
1806	2025-07-07T06:30:00.000	11	
1807	2025-07-07T06:35:00.000	11	
1808	2025-07-07T06:40:00.000	11	
1809	2025-07-07T06:45:00.000	11	
1810	2025-07-07T06:50:00.000	11	
1811	2025-07-07T06:55:00.000	11	
1812	2025-07-07T07:00:00.000	11	
1813	2025-07-07T07:05:00.000	11	
1814	2025-07-07T07:10:00.000	11	
1815	2025-07-07T07:15:00.000	11	
1816	2025-07-07T07:20:00.000	11	
1817	2025-07-07T07:25:00.000	11	
1818	2025-07-07T07:30:00.000	11	
1819	2025-07-07T07:35:00.000	11	
1820	2025-07-07T07:40:00.000	11	
1821	2025-07-07T07:45:00.000	11	
1822	2025-07-07T07:50:00.000	11	
1823	2025-07-07T07:55:00.000	11	
1824	2025-07-07T08:00:00.000	11	
1825	2025-07-07T08:05:00.000	11	
1826	2025-07-07T08:10:00.000	11	
1827	2025-07-07T08:15:00.000	11	
1828	2025-07-07T08:20:00.000	11	
1829	2025-07-07T08:25:00.000	11	
1830	2025-07-07T08:30:00.000	11	
1831	2025-07-07T08:35:00.000	11	
1832	2025-07-07T08:40:00.000	11	
1833	2025-07-07T08:45:00.000	11	
1834	2025-07-07T08:50:00.000	11	
1835	2025-07-07T08:55:00.000	11	
1836	2025-07-07T09:00:00.000	11	
1837	2025-07-07T09:05:00.000	11	
1838	2025-07-07T09:10:00.000	11	
1839	2025-07-07T09:15:00.000	11	
1840	2025-07-07T09:20:00.000	11	
1841	2025-07-07T09:25:00.000	11	
1842	2025-07-07T09:30:00.000	11	
1843	2025-07-07T09:35:00.000	11	
1844	2025-07-07T09:40:00.000	11	
1845	2025-07-07T09:45:00.000	11	
1846	2025-07-07T09:50:00.000	11	
1847	2025-07-07T09:55:00.000	11	
1848	2025-07-07T10:00:00.000	11	
1849	2025-07-07T10:05:00.000	11	
1850	2025-07-07T10:10:00.000	11	
1851	2025-07-07T10:15:00.000	11	
1852	2025-07-07T10:20:00.000	11	
1853	2025-07-07T10:25:00.000	11	
1854	2025-07-07T10:30:00.000	11	
1855	2025-07-07T10:35:00.000	11	
1856	2025-07-07T10:40:00.000	11	
1857	2025-07-07T10:45:00.000	11	
1858	2025-07-07T10:50:00.000	11	
1859	2025-07-07T10:55:00.000	11	
1860	2025-07-07T11:00:00.000	11	
1861	2025-07-07T11:05:00.000	11	
1862	2025-07-07T11:10:00.000	11	
1863	2025-07-07T11:15:00.000	11	
1864	2025-07-07T11:20:00.000	11	
1865	2025-07-07T11:25:00.000	11	
1866	2025-07-07T11:30:00.000	11	
1867	2025-07-07T11:35:00.000	11	
1868	2025-07-07T11:40:00.000	11	
1869	2025-07-07T11:45:00.000	11	
1870	2025-07-07T11:50:00.000	11	
1871	2025-07-07T11:55:00.000	11	
1872	2025-07-07T12:00:00.000	11	
1873	2025-07-07T12:05:00.000	11	
1874	2025-07-07T12:10:00.000	11	
1875	2025-07-07T12:15:00.000	11	
1876	2025-07-07T12:20:00.000	11	
1877	2025-07-07T12:25:00.000	11	
1878	2025-07-07T12:30:00.000	11	
1879	2025-07-07T12:35:00.000	11	
1880	2025-07-07T12:40:00.000	11	
1881	2025-07-07T12:45:00.000	11	
1882	2025-07-07T12:50:00.000	11	
1883	2025-07-07T12:55:00.000	11	
1884	2025-07-07T13:00:00.000	11	
1885	2025-07-07T13:05:00.000	11	
1886	2025-07-07T13:10:00.000	11	
1887	2025-07-07T13:15:00.000	11	
1888	2025-07-07T13:20:00.000	11	
1889	2025-07-07T13:25:00.000	11	
1890	2025-07-07T13:30:00.000	11	
1891	2025-07-07T13:35:00.000	11	
1892	2025-07-07T13:40:00.000	11	
1893	2025-07-07T13:45:00.000	11	
1894	2025-07-07T13:50:00.000	11	
1895	2025-07-07T13:55:00.000	11	
1896	2025-07-07T14:00:00.000	11	
1897	2025-07-07T14:05:00.000	11	
1898	2025-07-07T14:10:00.000	11	
1899	2025-07-07T14:15:00.000	11	
1900	2025-07-07T14:20:00.000	11	
1901	2025-07-07T14:25:00.000	11	
1902	2025-07-07T14:30:00.000	11	
1903	2025-07-07T14:35:00.000	11	
1904	2025-07-07T14:40:00.000	11	
1905	2025-07-07T14:45:00.000	11	
1906	2025-07-07T14:50:00.000	11	
1907	2025-07-07T14:55:00.000	11	
1908	2025-07-07T15:00:00.000	11	
1909	2025-07-07T15:05:00.000	11	
1910	2025-07-07T15:10:00.000	11	
1911	2025-07-07T15:15:00.000	11	
1912	2025-07-07T15:20:00.000	11	
1913	2025-07-07T15:25:00.000	11	
1914	2025-07-07T15:30:00.000	11	
1915	2025-07-07T15:35:00.000	11	
1916	2025-07-07T15:40:00.000	11	
1917	2025-07-07T15:45:00.000	11	
1918	2025-07-07T15:50:00.000	11	
1919	2025-07-07T15:55:00.000	11	
1920	2025-07-07T16:00:00.000	11	
1921	2025-07-07T16:05:00.000	11	
1922	2025-07-07T16:10:00.000	11	
1923	2025-07-07T16:15:00.000	11	
1924	2025-07-07T16:20:00.000	11	
1925	2025-07-07T16:25:00.000	11	
1926	2025-07-07T16:30:00.000	11	
1927	2025-07-07T16:35:00.000	11	
1928	2025-07-07T16:40:00.000	11	
1929	2025-07-07T16:45:00.000	11	
1930	2025-07-07T16:50:00.000	11	
1931	2025-07-07T16:55:00.000	11	
1932	2025-07-07T17:00:00.000	11	
1933	2025-07-07T17:05:00.000	11	
1934	2025-07-07T17:10:00.000	11	
1935	2025-07-07T17:15:00.000	11	
1936	2025-07-07T17:20:00.000	11	
1937	2025-07-07T17:25:00.000	11	
1938	2025-07-07T17:30:00.000	11	
1939	2025-07-07T17:35:00.000	11	
1940	2025-07-07T17:40:00.000	11	
1941	2025-07-07T17:45:00.000	11	
1942	2025-07-07T17:50:00.000	11	
1943	2025-07-07T17:55:00.000	11	
1944	2025-07-07T18:00:00.000	11	
1945	2025-07-07T18:05:00.000	11	
1946	2025-07-07T18:10:00.000	11	
1947	2025-07-07T18:15:00.000	11	
1948	2025-07-07T18:20:00.000	11	
1949	2025-07-07T18:25:00.000	11	
1950	2025-07-07T18:30:00.000	11	
1951	2025-07-07T18:35:00.000	11	
1952	2025-07-07T18:40:00.000	11	
1953	2025-07-07T18:45:00.000	11	
1954	2025-07-07T18:50:00.000	11	
1955	2025-07-07T18:55:00.000	11	
1956	2025-07-07T19:00:00.000	11	
1957	2025-07-07T19:05:00.000	11	
1958	2025-07-07T19:10:00.000	11	
1959	2025-07-07T19:15:00.000	11	
1960	2025-07-07T19:20:00.000	11	
1961	2025-07-07T19:25:00.000	11	
1962	2025-07-07T19:30:00.000	11	
1963	2025-07-07T19:35:00.000	11	
1964	2025-07-07T19:40:00.000	11	
1965	2025-07-07T19:45:00.000	11	
1966	2025-07-07T19:50:00.000	11	
1967	2025-07-07T19:55:00.000	11	
1968	2025-07-07T20:00:00.000	11	
1969	2025-07-07T20:05:00.000	11	
1970	2025-07-07T20:10:00.000	11	
1971	2025-07-07T20:15:00.000	11	
1972	2025-07-07T20:20:00.000	11	
1973	2025-07-07T20:25:00.000	11	
1974	2025-07-07T20:30:00.000	11	
1975	2025-07-07T20:35:00.000	11	
1976	2025-07-07T20:40:00.000	11	
1977	2025-07-07T20:45:00.000	11	
1978	2025-07-07T20:50:00.000	11	
1979	2025-07-07T20:55:00.000	11	
1980	2025-07-07T21:00:00.000	11	
1981	2025-07-07T21:05:00.000	11	
1982	2025-07-07T21:10:00.000	11	
1983	2025-07-07T21:15:00.000	11	
1984	2025-07-07T21:20:00.000	11	
1985	2025-07-07T21:25:00.000	11	
1986	2025-07-07T21:30:00.000	11	
1987	2025-07-07T21:35:00.000	11	
1988	2025-07-07T21:40:00.000	11	
1989	2025-07-07T21:45:00.000	11	
1990	2025-07-07T21:50:00.000	11	
1991	2025-07-07T21:55:00.000	11	
1992	2025-07-07T22:00:00.000	11	
1993	2025-07-07T22:05:00.000	11	
1994	2025-07-07T22:10:00.000	11	
1995	2025-07-07T22:15:00.000	11	
1996	2025-07-07T22:20:00.000	11	
1997	2025-07-07T22:25:00.000	11	
1998	2025-07-07T22:30:00.000	11	
1999	2025-07-07T22:35:00.000	11	
2000	2025-07-07T22:40:00.000	11	
2001	2025-07-07T22:45:00.000	11	
2002	2025-07-07T22:50:00.000	11	
2003	2025-07-07T22:55:00.000	11	
2004	2025-07-07T23:00:00.000	11	
2005	2025-07-07T23:05:00.000	11	
2006	2025-07-07T23:10:00.000	11	
2007	2025-07-07T23:15:00.000	11	
2008	2025-07-07T23:20:00.000	11	
2009	2025-07-07T23:25:00.000	11	
2010	2025-07-07T23:30:00.000	11	
2011	2025-07-07T23:35:00.000	11	
2012	2025-07-07T23:40:00.000	11	
2013	2025-07-07T23:45:00.000	11	
2014	2025-07-07T23:50:00.000	11	
2015	2025-07-07T23:55:00.000	11	
2016	2025-07-08T00:00:00.000	11	
2017	2025-07-08T00:05:00.000	11	
2018	2025-07-08T00:10:00.000	11	
2019	2025-07-08T00:15:00.000	11	
2020	2025-07-08T00:20:00.000	11	
2021	2025-07-08T00:25:00.000	11	
2022	2025-07-08T00:30:00.000	11	
2023	2025-07-08T00:35:00.000	11	
2024	2025-07-08T00:40:00.000	11	
2025	2025-07-08T00:45:00.000	11	
2026	2025-07-08T00:50:00.000	11	
2027	2025-07-08T00:55:00.000	11	
2028	2025-07-08T01:00:00.000	11	
2029	2025-07-08T01:05:00.000	11	
2030	2025-07-08T01:10:00.000	11	
2031	2025-07-08T01:15:00.000	11	
2032	2025-07-08T01:20:00.000	11	
2033	2025-07-08T01:25:00.000	11	
2034	2025-07-08T01:30:00.000	11	
2035	2025-07-08T01:35:00.000	11	
2036	2025-07-08T01:40:00.000	11	
2037	2025-07-08T01:45:00.000	11	
2038	2025-07-08T01:50:00.000	11	
2039	2025-07-08T01:55:00.000	11	
2040	2025-07-08T02:00:00.000	11	
2041	2025-07-08T02:05:00.000	11	
2042	2025-07-08T02:10:00.000	11	
2043	2025-07-08T02:15:00.000	11	
2044	2025-07-08T02:20:00.000	11	
2045	2025-07-08T02:25:00.000	11	
2046	2025-07-08T02:30:00.000	11	
2047	2025-07-08T02:35:00.000	11	
2048	2025-07-08T02:40:00.000	11	
2049	2025-07-08T02:45:00.000	11	
2050	2025-07-08T02:50:00.000	11	
2051	2025-07-08T02:55:00.000	11	
2052	2025-07-08T03:00:00.000	11	
2053	2025-07-08T03:05:00.000	11	
2054	2025-07-08T03:10:00.000	11	
2055	2025-07-08T03:15:00.000	11	
2056	2025-07-08T03:20:00.000	11	
2057	2025-07-08T03:25:00.000	11	
2058	2025-07-08T03:30:00.000	11	
2059	2025-07-08T03:35:00.000	11	
2060	2025-07-08T03:40:00.000	11	
2061	2025-07-08T03:45:00.000	11	
2062	2025-07-08T03:50:00.000	11	
2063	2025-07-08T03:55:00.000	11	
2064	2025-07-08T04:00:00.000	11	
2065	2025-07-08T04:05:00.000	11	
2066	2025-07-08T04:10:00.000	11	
2067	2025-07-08T04:15:00.000	11	
2068	2025-07-08T04:20:00.000	11	
2069	2025-07-08T04:25:00.000	11	
2070	2025-07-08T04:30:00.000	11	
2071	2025-07-08T04:35:00.000	11	
2072	2025-07-08T04:40:00.000	11	
2073	2025-07-08T04:45:00.000	11	
2074	2025-07-08T04:50:00.000	11	
2075	2025-07-08T04:55:00.000	11	
2076	2025-07-08T05:00:00.000	11	
2077	2025-07-08T05:05:00.000	11	
2078	2025-07-08T05:10:00.000	11	
2079	2025-07-08T05:15:00.000	11	
2080	2025-07-08T05:20:00.000	11	
2081	2025-07-08T05:25:00.000	11	
2082	2025-07-08T05:30:00.000	11	
2083	2025-07-08T05:35:00.000	11	
2084	2025-07-08T05:40:00.000	11	
2085	2025-07-08T05:45:00.000	11	
2086	2025-07-08T05:50:00.000	11	
2087	2025-07-08T05:55:00.000	11	
2088	2025-07-08T06:00:00.000	11	
2089	2025-07-08T06:05:00.000	11	
2090	2025-07-08T06:10:00.000	11	
2091	2025-07-08T06:15:00.000	11	
2092	2025-07-08T06:20:00.000	11	
2093	2025-07-08T06:25:00.000	11	
2094	2025-07-08T06:30:00.000	11	
2095	2025-07-08T06:35:00.000	11	
2096	2025-07-08T06:40:00.000	11	
2097	2025-07-08T06:45:00.000	11	
2098	2025-07-08T06:50:00.000	11	
2099	2025-07-08T06:55:00.000	11	
2100	2025-07-08T07:00:00.000	11	
2101	2025-07-08T07:05:00.000	11	
2102	2025-07-08T07:10:00.000	11	
2103	2025-07-08T07:15:00.000	11	
2104	2025-07-08T07:20:00.000	11	
2105	2025-07-08T07:25:00.000	11	
2106	2025-07-08T07:30:00.000	11	
2107	2025-07-08T07:35:00.000	11	
2108	2025-07-08T07:40:00.000	11	
2109	2025-07-08T07:45:00.000	11	
2110	2025-07-08T07:50:00.000	11	
2111	2025-07-08T07:55:00.000	11	
2112	2025-07-08T08:00:00.000	11	
2113	2025-07-08T08:05:00.000	11	
2114	2025-07-08T08:10:00.000	11	
2115	2025-07-08T08:15:00.000	11	
2116	2025-07-08T08:20:00.000	11	
2117	2025-07-08T08:25:00.000	11	
2118	2025-07-08T08:30:00.000	11	
2119	2025-07-08T08:35:00.000	11	
2120	2025-07-08T08:40:00.000	11	
2121	2025-07-08T08:45:00.000	11	
2122	2025-07-08T08:50:00.000	11	
2123	2025-07-08T08:55:00.000	11	
2124	2025-07-08T09:00:00.000	11	
2125	2025-07-08T09:05:00.000	11	
2126	2025-07-08T09:10:00.000	11	
2127	2025-07-08T09:15:00.000	11	
2128	2025-07-08T09:20:00.000	11	
2129	2025-07-08T09:25:00.000	11	
2130	2025-07-08T09:30:00.000	11	
2131	2025-07-08T09:35:00.000	11	
2132	2025-07-08T09:40:00.000	11	
2133	2025-07-08T09:45:00.000	11	
2134	2025-07-08T09:50:00.000	11	
2135	2025-07-08T09:55:00.000	11	
2136	2025-07-08T10:00:00.000	11	
2137	2025-07-08T10:05:00.000	11	
2138	2025-07-08T10:10:00.000	11	
2139	2025-07-08T10:15:00.000	11	
2140	2025-07-08T10:20:00.000	11	
2141	2025-07-08T10:25:00.000	11	
2142	2025-07-08T10:30:00.000	11	
2143	2025-07-08T10:35:00.000	11	
2144	2025-07-08T10:40:00.000	11	
2145	2025-07-08T10:45:00.000	11	
2146	2025-07-08T10:50:00.000	11	
2147	2025-07-08T10:55:00.000	11	
2148	2025-07-08T11:00:00.000	11	
2149	2025-07-08T11:05:00.000	11	
2150	2025-07-08T11:10:00.000	11	
2151	2025-07-08T11:15:00.000	11	
2152	2025-07-08T11:20:00.000	11	
2153	2025-07-08T11:25:00.000	11	
2154	2025-07-08T11:30:00.000	11	
2155	2025-07-08T11:35:00.000	11	
2156	2025-07-08T11:40:00.000	11	
2157	2025-07-08T11:45:00.000	11	
2158	2025-07-08T11:50:00.000	11	
2159	2025-07-08T11:55:00.000	11	
2160	2025-07-08T12:00:00.000	11	
2161	2025-07-08T12:05:00.000	11	
2162	2025-07-08T12:10:00.000	11	
2163	2025-07-08T12:15:00.000	11	
2164	2025-07-08T12:20:00.000	11	
2165	2025-07-08T12:25:00.000	11	
2166	2025-07-08T12:30:00.000	11	
2167	2025-07-08T12:35:00.000	11	
2168	2025-07-08T12:40:00.000	11	
2169	2025-07-08T12:45:00.000	11	
2170	2025-07-08T12:50:00.000	11	
2171	2025-07-08T12:55:00.000	11	
2172	2025-07-08T13:00:00.000	11	
2173	2025-07-08T13:05:00.000	11	
2174	2025-07-08T13:10:00.000	11	
2175	2025-07-08T13:15:00.000	11	
2176	2025-07-08T13:20:00.000	11	
2177	2025-07-08T13:25:00.000	11	
2178	2025-07-08T13:30:00.000	11	
2179	2025-07-08T13:35:00.000	11	
2180	2025-07-08T13:40:00.000	11	
2181	2025-07-08T13:45:00.000	11	
2182	2025-07-08T13:50:00.000	11	
2183	2025-07-08T13:55:00.000	11	
2184	2025-07-08T14:00:00.000	11	
2185	2025-07-08T14:05:00.000	11	
2186	2025-07-08T14:10:00.000	11	
2187	2025-07-08T14:15:00.000	11	
2188	2025-07-08T14:20:00.000	11	
2189	2025-07-08T14:25:00.000	11	
2190	2025-07-08T14:30:00.000	11	
2191	2025-07-08T14:35:00.000	11	
2192	2025-07-08T14:40:00.000	11	
2193	2025-07-08T14:45:00.000	11	
2194	2025-07-08T14:50:00.000	11	
2195	2025-07-08T14:55:00.000	11	
2196	2025-07-08T15:00:00.000	11	
2197	2025-07-08T15:05:00.000	11	
2198	2025-07-08T15:10:00.000	11	
2199	2025-07-08T15:15:00.000	11	
2200	2025-07-08T15:20:00.000	11	
2201	2025-07-08T15:25:00.000	11	
2202	2025-07-08T15:30:00.000	11	
2203	2025-07-08T15:35:00.000	11	
2204	2025-07-08T15:40:00.000	11	
2205	2025-07-08T15:45:00.000	11	
2206	2025-07-08T15:50:00.000	11	
2207	2025-07-08T15:55:00.000	11	
2208	2025-07-08T16:00:00.000	11	
2209	2025-07-08T16:05:00.000	11	
2210	2025-07-08T16:10:00.000	11	
2211	2025-07-08T16:15:00.000	11	
2212	2025-07-08T16:20:00.000	11	
2213	2025-07-08T16:25:00.000	11	
2214	2025-07-08T16:30:00.000	11	
2215	2025-07-08T16:35:00.000	11	
2216	2025-07-08T16:40:00.000	11	
2217	2025-07-08T16:45:00.000	11	
2218	2025-07-08T16:50:00.000	11	
2219	2025-07-08T16:55:00.000	11	
2220	2025-07-08T17:00:00.000	11	
2221	2025-07-08T17:05:00.000	11	
2222	2025-07-08T17:10:00.000	11	
2223	2025-07-08T17:15:00.000	11	
2224	2025-07-08T17:20:00.000	11	
2225	2025-07-08T17:25:00.000	11	
2226	2025-07-08T17:30:00.000	11	
2227	2025-07-08T17:35:00.000	11	
2228	2025-07-08T17:40:00.000	11	
2229	2025-07-08T17:45:00.000	11	
2230	2025-07-08T17:50:00.000	11	
2231	2025-07-08T17:55:00.000	11	
2232	2025-07-08T18:00:00.000	11	
2233	2025-07-08T18:05:00.000	11	
2234	2025-07-08T18:10:00.000	11	
2235	2025-07-08T18:15:00.000	11	
2236	2025-07-08T18:20:00.000	11	
2237	2025-07-08T18:25:00.000	11	
2238	2025-07-08T18:30:00.000	11	
2239	2025-07-08T18:35:00.000	11	
2240	2025-07-08T18:40:00.000	11	
2241	2025-07-08T18:45:00.000	11	
2242	2025-07-08T18:50:00.000	11	
2243	2025-07-08T18:55:00.000	11	
2244	2025-07-08T19:00:00.000	11	
2245	2025-07-08T19:05:00.000	11	
2246	2025-07-08T19:10:00.000	11	
2247	2025-07-08T19:15:00.000	11	
2248	2025-07-08T19:20:00.000	11	
2249	2025-07-08T19:25:00.000	11	
2250	2025-07-08T19:30:00.000	11	
2251	2025-07-08T19:35:00.000	11	
2252	2025-07-08T19:40:00.000	11	
2253	2025-07-08T19:45:00.000	11	
2254	2025-07-08T19:50:00.000	11	
2255	2025-07-08T19:55:00.000	11	
2256	2025-07-08T20:00:00.000	11	
2257	2025-07-08T20:05:00.000	11	
2258	2025-07-08T20:10:00.000	11	
2259	2025-07-08T20:15:00.000	11	
2260	2025-07-08T20:20:00.000	11	
2261	2025-07-08T20:25:00.000	11	
2262	2025-07-08T20:30:00.000	11	
2263	2025-07-08T20:35:00.000	11	
2264	2025-07-08T20:40:00.000	11	
2265	2025-07-08T20:45:00.000	11	
2266	2025-07-08T20:50:00.000	11	
2267	2025-07-08T20:55:00.000	11	
2268	2025-07-08T21:00:00.000	11	
2269	2025-07-08T21:05:00.000	11	
2270	2025-07-08T21:10:00.000	11	
2271	2025-07-08T21:15:00.000	11	
2272	2025-07-08T21:20:00.000	11	
2273	2025-07-08T21:25:00.000	11	
2274	2025-07-08T21:30:00.000	11	
2275	2025-07-08T21:35:00.000	11	
2276	2025-07-08T21:40:00.000	11	
2277	2025-07-08T21:45:00.000	11	
2278	2025-07-08T21:50:00.000	11	
2279	2025-07-08T21:55:00.000	11	
2280	2025-07-08T22:00:00.000	11	
2281	2025-07-08T22:05:00.000	11	
2282	2025-07-08T22:10:00.000	11	
2283	2025-07-08T22:15:00.000	11	
2284	2025-07-08T22:20:00.000	11	
2285	2025-07-08T22:25:00.000	11	
2286	2025-07-08T22:30:00.000	11	
2287	2025-07-08T22:35:00.000	11	
2288	2025-07-08T22:40:00.000	11	
2289	2025-07-08T22:45:00.000	11	
2290	2025-07-08T22:50:00.000	11	
2291	2025-07-08T22:55:00.000	11	
2292	2025-07-08T23:00:00.000	11	
2293	2025-07-08T23:05:00.000	11	
2294	2025-07-08T23:10:00.000	11	
2295	2025-07-08T23:15:00.000	11	
2296	2025-07-08T23:20:00.000	11	
2297	2025-07-08T23:25:00.000	11	
2298	2025-07-08T23:30:00.000	11	
2299	2025-07-08T23:35:00.000	11	
2300	2025-07-08T23:40:00.000	11	
2301	2025-07-08T23:45:00.000	11	
2302	2025-07-08T23:50:00.000	11	
2303	2025-07-08T23:55:00.000	11	
2304	2025-07-09T00:00:00.000	11	
2305	2025-07-09T00:05:00.000	11	
2306	2025-07-09T00:10:00.000	11	
2307	2025-07-09T00:15:00.000	11	
2308	2025-07-09T00:20:00.000	11	
2309	2025-07-09T00:25:00.000	11	
2310	2025-07-09T00:30:00.000	11	
2311	2025-07-09T00:35:00.000	11	
2312	2025-07-09T00:40:00.000	11	
2313	2025-07-09T00:45:00.000	11	
2314	2025-07-09T00:50:00.000	11	
2315	2025-07-09T00:55:00.000	11	
2316	2025-07-09T01:00:00.000	11	
2317	2025-07-09T01:05:00.000	11	
2318	2025-07-09T01:10:00.000	11	
2319	2025-07-09T01:15:00.000	11	
2320	2025-07-09T01:20:00.000	11	
2321	2025-07-09T01:25:00.000	11	
2322	2025-07-09T01:30:00.000	11	
2323	2025-07-09T01:35:00.000	11	
2324	2025-07-09T01:40:00.000	11	
2325	2025-07-09T01:45:00.000	11	
2326	2025-07-09T01:50:00.000	11	
2327	2025-07-09T01:55:00.000	11	
2328	2025-07-09T02:00:00.000	11	
2329	2025-07-09T02:05:00.000	11	
2330	2025-07-09T02:10:00.000	11	
2331	2025-07-09T02:15:00.000	11	
2332	2025-07-09T02:20:00.000	11	
2333	2025-07-09T02:25:00.000	11	
2334	2025-07-09T02:30:00.000	11	
2335	2025-07-09T02:35:00.000	11	
2336	2025-07-09T02:40:00.000	11	
2337	2025-07-09T02:45:00.000	11	
2338	2025-07-09T02:50:00.000	11	
2339	2025-07-09T02:55:00.000	11	
2340	2025-07-09T03:00:00.000	11	
2341	2025-07-09T03:05:00.000	11	
2342	2025-07-09T03:10:00.000	11	
2343	2025-07-09T03:15:00.000	11	
2344	2025-07-09T03:20:00.000	11	
2345	2025-07-09T03:25:00.000	11	
2346	2025-07-09T03:30:00.000	11	
2347	2025-07-09T03:35:00.000	11	
2348	2025-07-09T03:40:00.000	11	
2349	2025-07-09T03:45:00.000	11	
2350	2025-07-09T03:50:00.000	11	
2351	2025-07-09T03:55:00.000	11	
2352	2025-07-09T04:00:00.000	11	
2353	2025-07-09T04:05:00.000	11	
2354	2025-07-09T04:10:00.000	11	
2355	2025-07-09T04:15:00.000	11	
2356	2025-07-09T04:20:00.000	11	
2357	2025-07-09T04:25:00.000	11	
2358	2025-07-09T04:30:00.000	11	
2359	2025-07-09T04:35:00.000	11	
2360	2025-07-09T04:40:00.000	11	
2361	2025-07-09T04:45:00.000	11	
2362	2025-07-09T04:50:00.000	11	
2363	2025-07-09T04:55:00.000	11	
2364	2025-07-09T05:00:00.000	11	
2365	2025-07-09T05:05:00.000	11	
2366	2025-07-09T05:10:00.000	11	
2367	2025-07-09T05:15:00.000	11	
2368	2025-07-09T05:20:00.000	11	
2369	2025-07-09T05:25:00.000	11	
2370	2025-07-09T05:30:00.000	11	
2371	2025-07-09T05:35:00.000	11	
2372	2025-07-09T05:40:00.000	11	
2373	2025-07-09T05:45:00.000	11	
2374	2025-07-09T05:50:00.000	11	
2375	2025-07-09T05:55:00.000	11	
2376	2025-07-09T06:00:00.000	11	
2377	2025-07-09T06:05:00.000	11	
2378	2025-07-09T06:10:00.000	11	
2379	2025-07-09T06:15:00.000	11	
2380	2025-07-09T06:20:00.000	11	
2381	2025-07-09T06:25:00.000	11	
2382	2025-07-09T06:30:00.000	11	
2383	2025-07-09T06:35:00.000	11	
2384	2025-07-09T06:40:00.000	11	
2385	2025-07-09T06:45:00.000	11	
2386	2025-07-09T06:50:00.000	11	
2387	2025-07-09T06:55:00.000	11	
2388	2025-07-09T07:00:00.000	11	
2389	2025-07-09T07:05:00.000	11	
2390	2025-07-09T07:10:00.000	11	
2391	2025-07-09T07:15:00.000	11	
2392	2025-07-09T07:20:00.000	11	
2393	2025-07-09T07:25:00.000	11	
2394	2025-07-09T07:30:00.000	11	
2395	2025-07-09T07:35:00.000	11	
2396	2025-07-09T07:40:00.000	11	
2397	2025-07-09T07:45:00.000	11	
2398	2025-07-09T07:50:00.000	11	
2399	2025-07-09T07:55:00.000	11	
2400	2025-07-09T08:00:00.000	11	
2401	2025-07-09T08:05:00.000	11	
2402	2025-07-09T08:10:00.000	11	
2403	2025-07-09T08:15:00.000	11	
2404	2025-07-09T08:20:00.000	11	
2405	2025-07-09T08:25:00.000	11	
2406	2025-07-09T08:30:00.000	11	
2407	2025-07-09T08:35:00.000	11	
2408	2025-07-09T08:40:00.000	11	
2409	2025-07-09T08:45:00.000	11	
2410	2025-07-09T08:50:00.000	11	
2411	2025-07-09T08:55:00.000	11	
2412	2025-07-09T09:00:00.000	11	
2413	2025-07-09T09:05:00.000	11	
2414	2025-07-09T09:10:00.000	11	
2415	2025-07-09T09:15:00.000	11	
2416	2025-07-09T09:20:00.000	11	
2417	2025-07-09T09:25:00.000	11	
2418	2025-07-09T09:30:00.000	11	
2419	2025-07-09T09:35:00.000	11	
2420	2025-07-09T09:40:00.000	11	
2421	2025-07-09T09:45:00.000	11	
2422	2025-07-09T09:50:00.000	11	
2423	2025-07-09T09:55:00.000	11	
2424	2025-07-09T10:00:00.000	11	
2425	2025-07-09T10:05:00.000	11	
2426	2025-07-09T10:10:00.000	11	
2427	2025-07-09T10:15:00.000	11	
2428	2025-07-09T10:20:00.000	11	
2429	2025-07-09T10:25:00.000	11	
2430	2025-07-09T10:30:00.000	11	
2431	2025-07-09T10:35:00.000	11	
2432	2025-07-09T10:40:00.000	11	
2433	2025-07-09T10:45:00.000	11	
2434	2025-07-09T10:50:00.000	11	
2435	2025-07-09T10:55:00.000	11	
2436	2025-07-09T11:00:00.000	11	
2437	2025-07-09T11:05:00.000	11	
2438	2025-07-09T11:10:00.000	11	
2439	2025-07-09T11:15:00.000	11	
2440	2025-07-09T11:20:00.000	11	
2441	2025-07-09T11:25:00.000	11	
2442	2025-07-09T11:30:00.000	11	
2443	2025-07-09T11:35:00.000	11	
2444	2025-07-09T11:40:00.000	11	
2445	2025-07-09T11:45:00.000	11	
2446	2025-07-09T11:50:00.000	11	
2447	2025-07-09T11:55:00.000	11	
2448	2025-07-09T12:00:00.000	11	
2449	2025-07-09T12:05:00.000	11	
2450	2025-07-09T12:10:00.000	11	
2451	2025-07-09T12:15:00.000	11	
2452	2025-07-09T12:20:00.000	11	
2453	2025-07-09T12:25:00.000	11	
2454	2025-07-09T12:30:00.000	11	
2455	2025-07-09T12:35:00.000	11	
2456	2025-07-09T12:40:00.000	11	
2457	2025-07-09T12:45:00.000	11	
2458	2025-07-09T12:50:00.000	11	
2459	2025-07-09T12:55:00.000	11	
2460	2025-07-09T13:00:00.000	11	
2461	2025-07-09T13:05:00.000	11	
2462	2025-07-09T13:10:00.000	11	
2463	2025-07-09T13:15:00.000	11	
2464	2025-07-09T13:20:00.000	11	
2465	2025-07-09T13:25:00.000	11	
2466	2025-07-09T13:30:00.000	11	
2467	2025-07-09T13:35:00.000	11	
2468	2025-07-09T13:40:00.000	11	
2469	2025-07-09T13:45:00.000	11	
2470	2025-07-09T13:50:00.000	11	
2471	2025-07-09T13:55:00.000	11	
2472	2025-07-09T14:00:00.000	11	
2473	2025-07-09T14:05:00.000	11	
2474	2025-07-09T14:10:00.000	11	
2475	2025-07-09T14:15:00.000	11	
2476	2025-07-09T14:20:00.000	11	
2477	2025-07-09T14:25:00.000	11	
2478	2025-07-09T14:30:00.000	11	
2479	2025-07-09T14:35:00.000	11	
2480	2025-07-09T14:40:00.000	11	
2481	2025-07-09T14:45:00.000	11	
2482	2025-07-09T14:50:00.000	11	
2483	2025-07-09T14:55:00.000	11	
2484	2025-07-09T15:00:00.000	11	
2485	2025-07-09T15:05:00.000	11	
2486	2025-07-09T15:10:00.000	11	
2487	2025-07-09T15:15:00.000	11	
2488	2025-07-09T15:20:00.000	11	
2489	2025-07-09T15:25:00.000	11	
2490	2025-07-09T15:30:00.000	11	
2491	2025-07-09T15:35:00.000	11	
2492	2025-07-09T15:40:00.000	11	
2493	2025-07-09T15:45:00.000	11	
2494	2025-07-09T15:50:00.000	11	
2495	2025-07-09T15:55:00.000	11	
2496	2025-07-09T16:00:00.000	11	
2497	2025-07-09T16:05:00.000	11	
2498	2025-07-09T16:10:00.000	11	
2499	2025-07-09T16:15:00.000	11	
2500	2025-07-09T16:20:00.000	11	
2501	2025-07-09T16:25:00.000	11	
2502	2025-07-09T16:30:00.000	11	
2503	2025-07-09T16:35:00.000	11	
2504	2025-07-09T16:40:00.000	11	
2505	2025-07-09T16:45:00.000	11	
2506	2025-07-09T16:50:00.000	11	
2507	2025-07-09T16:55:00.000	11	
2508	2025-07-09T17:00:00.000	11	
2509	2025-07-09T17:05:00.000	11	
2510	2025-07-09T17:10:00.000	11	
2511	2025-07-09T17:15:00.000	11	
2512	2025-07-09T17:20:00.000	11	
2513	2025-07-09T17:25:00.000	11	
2514	2025-07-09T17:30:00.000	11	
2515	2025-07-09T17:35:00.000	11	
2516	2025-07-09T17:40:00.000	11	
2517	2025-07-09T17:45:00.000	11	
2518	2025-07-09T17:50:00.000	11	
2519	2025-07-09T17:55:00.000	11	
2520	2025-07-09T18:00:00.000	11	
2521	2025-07-09T18:05:00.000	11	
2522	2025-07-09T18:10:00.000	11	
2523	2025-07-09T18:15:00.000	11	
2524	2025-07-09T18:20:00.000	11	
2525	2025-07-09T18:25:00.000	11	
2526	2025-07-09T18:30:00.000	11	
2527	2025-07-09T18:35:00.000	11	
2528	2025-07-09T18:40:00.000	11	
2529	2025-07-09T18:45:00.000	11	
2530	2025-07-09T18:50:00.000	11	
2531	2025-07-09T18:55:00.000	11	
2532	2025-07-09T19:00:00.000	11	
2533	2025-07-09T19:05:00.000	11	
2534	2025-07-09T19:10:00.000	11	
2535	2025-07-09T19:15:00.000	11	
2536	2025-07-09T19:20:00.000	11	
2537	2025-07-09T19:25:00.000	11	
2538	2025-07-09T19:30:00.000	11	
2539	2025-07-09T19:35:00.000	11	
2540	2025-07-09T19:40:00.000	11	
2541	2025-07-09T19:45:00.000	11	
2542	2025-07-09T19:50:00.000	11	
2543	2025-07-09T19:55:00.000	11	
2544	2025-07-09T20:00:00.000	11	
2545	2025-07-09T20:05:00.000	11	
2546	2025-07-09T20:10:00.000	11	
2547	2025-07-09T20:15:00.000	11	
2548	2025-07-09T20:20:00.000	11	
2549	2025-07-09T20:25:00.000	11	
2550	2025-07-09T20:30:00.000	11	
2551	2025-07-09T20:35:00.000	11	
2552	2025-07-09T20:40:00.000	11	
2553	2025-07-09T20:45:00.000	11	
2554	2025-07-09T20:50:00.000	11	
2555	2025-07-09T20:55:00.000	11	
2556	2025-07-09T21:00:00.000	11	
2557	2025-07-09T21:05:00.000	11	
2558	2025-07-09T21:10:00.000	11	
2559	2025-07-09T21:15:00.000	11	
2560	2025-07-09T21:20:00.000	11	
2561	2025-07-09T21:25:00.000	11	
2562	2025-07-09T21:30:00.000	11	
2563	2025-07-09T21:35:00.000	11	
2564	2025-07-09T21:40:00.000	11	
2565	2025-07-09T21:45:00.000	11	
2566	2025-07-09T21:50:00.000	11	
2567	2025-07-09T21:55:00.000	11	
2568	2025-07-09T22:00:00.000	11	
2569	2025-07-09T22:05:00.000	11	
2570	2025-07-09T22:10:00.000	11	
2571	2025-07-09T22:15:00.000	11	
2572	2025-07-09T22:20:00.000	11	
2573	2025-07-09T22:25:00.000	11	
2574	2025-07-09T22:30:00.000	11	
2575	2025-07-09T22:35:00.000	11	
2576	2025-07-09T22:40:00.000	11	
2577	2025-07-09T22:45:00.000	11	
2578	2025-07-09T22:50:00.000	11	
2579	2025-07-09T22:55:00.000	11	
2580	2025-07-09T23:00:00.000	11	
2581	2025-07-09T23:05:00.000	11	
2582	2025-07-09T23:10:00.000	11	
2583	2025-07-09T23:15:00.000	11	
2584	2025-07-09T23:20:00.000	11	
2585	2025-07-09T23:25:00.000	11	
2586	2025-07-09T23:30:00.000	11	
2587	2025-07-09T23:35:00.000	11	
2588	2025-07-09T23:40:00.000	11	
2589	2025-07-09T23:45:00.000	11	
2590	2025-07-09T23:50:00.000	11	
2591	2025-07-09T23:55:00.000	11	
2592	2025-07-10T00:00:00.000	11	
2593	2025-07-10T00:05:00.000	11	
2594	2025-07-10T00:10:00.000	11	
2595	2025-07-10T00:15:00.000	11	
2596	2025-07-10T00:20:00.000	11	
2597	2025-07-10T00:25:00.000	11	
2598	2025-07-10T00:30:00.000	11	
2599	2025-07-10T00:35:00.000	11	
2600	2025-07-10T00:40:00.000	11	
2601	2025-07-10T00:45:00.000	11	
2602	2025-07-10T00:50:00.000	11	
2603	2025-07-10T00:55:00.000	11	
2604	2025-07-10T01:00:00.000	11	
2605	2025-07-10T01:05:00.000	11	
2606	2025-07-10T01:10:00.000	11	
2607	2025-07-10T01:15:00.000	11	
2608	2025-07-10T01:20:00.000	11	
2609	2025-07-10T01:25:00.000	11	
2610	2025-07-10T01:30:00.000	11	
2611	2025-07-10T01:35:00.000	11	
2612	2025-07-10T01:40:00.000	11	
2613	2025-07-10T01:45:00.000	11	
2614	2025-07-10T01:50:00.000	11	
2615	2025-07-10T01:55:00.000	11	
2616	2025-07-10T02:00:00.000	11	
2617	2025-07-10T02:05:00.000	11	
2618	2025-07-10T02:10:00.000	11	
2619	2025-07-10T02:15:00.000	11	
2620	2025-07-10T02:20:00.000	11	
2621	2025-07-10T02:25:00.000	11	
2622	2025-07-10T02:30:00.000	11	
2623	2025-07-10T02:35:00.000	11	
2624	2025-07-10T02:40:00.000	11	
2625	2025-07-10T02:45:00.000	11	
2626	2025-07-10T02:50:00.000	11	
2627	2025-07-10T02:55:00.000	11	
2628	2025-07-10T03:00:00.000	11	
2629	2025-07-10T03:05:00.000	11	
2630	2025-07-10T03:10:00.000	11	
2631	2025-07-10T03:15:00.000	11	
2632	2025-07-10T03:20:00.000	11	
2633	2025-07-10T03:25:00.000	11	
2634	2025-07-10T03:30:00.000	11	
2635	2025-07-10T03:35:00.000	11	
2636	2025-07-10T03:40:00.000	11	
2637	2025-07-10T03:45:00.000	11	
2638	2025-07-10T03:50:00.000	11	
2639	2025-07-10T03:55:00.000	11	
2640	2025-07-10T04:00:00.000	11	
2641	2025-07-10T04:05:00.000	11	
2642	2025-07-10T04:10:00.000	11	
2643	2025-07-10T04:15:00.000	11	
2644	2025-07-10T04:20:00.000	11	
2645	2025-07-10T04:25:00.000	11	
2646	2025-07-10T04:30:00.000	11	
2647	2025-07-10T04:35:00.000	11	
2648	2025-07-10T04:40:00.000	11	
2649	2025-07-10T04:45:00.000	11	
2650	2025-07-10T04:50:00.000	11	
2651	2025-07-10T04:55:00.000	11	
2652	2025-07-10T05:00:00.000	11	
2653	2025-07-10T05:05:00.000	11	
2654	2025-07-10T05:10:00.000	11	
2655	2025-07-10T05:15:00.000	11	
2656	2025-07-10T05:20:00.000	11	
2657	2025-07-10T05:25:00.000	11	
2658	2025-07-10T05:30:00.000	11	
2659	2025-07-10T05:35:00.000	11	
2660	2025-07-10T05:40:00.000	11	
2661	2025-07-10T05:45:00.000	11	
2662	2025-07-10T05:50:00.000	11	
2663	2025-07-10T05:55:00.000	11	
2664	2025-07-10T06:00:00.000	11	
2665	2025-07-10T06:05:00.000	11	
2666	2025-07-10T06:10:00.000	11	
2667	2025-07-10T06:15:00.000	11	
2668	2025-07-10T06:20:00.000	11	
2669	2025-07-10T06:25:00.000	11	
2670	2025-07-10T06:30:00.000	11	
2671	2025-07-10T06:35:00.000	11	
2672	2025-07-10T06:40:00.000	11	
2673	2025-07-10T06:45:00.000	11	
2674	2025-07-10T06:50:00.000	11	
2675	2025-07-10T06:55:00.000	11	
2676	2025-07-10T07:00:00.000	11	
2677	2025-07-10T07:05:00.000	11	
2678	2025-07-10T07:10:00.000	11	
2679	2025-07-10T07:15:00.000	11	
2680	2025-07-10T07:20:00.000	11	
2681	2025-07-10T07:25:00.000	11	
2682	2025-07-10T07:30:00.000	11	
2683	2025-07-10T07:35:00.000	11	
2684	2025-07-10T07:40:00.000	11	
2685	2025-07-10T07:45:00.000	11	
2686	2025-07-10T07:50:00.000	11	
2687	2025-07-10T07:55:00.000	11	
2688	2025-07-10T08:00:00.000	11	
2689	2025-07-10T08:05:00.000	11	
2690	2025-07-10T08:10:00.000	11	
2691	2025-07-10T08:15:00.000	11	
2692	2025-07-10T08:20:00.000	11	
2693	2025-07-10T08:25:00.000	11	
2694	2025-07-10T08:30:00.000	11	
2695	2025-07-10T08:35:00.000	11	
2696	2025-07-10T08:40:00.000	11	
2697	2025-07-10T08:45:00.000	11	
2698	2025-07-10T08:50:00.000	11	
2699	2025-07-10T08:55:00.000	11	
2700	2025-07-10T09:00:00.000	11	
2701	2025-07-10T09:05:00.000	11	
2702	2025-07-10T09:10:00.000	11	
2703	2025-07-10T09:15:00.000	11	
2704	2025-07-10T09:20:00.000	11	
2705	2025-07-10T09:25:00.000	11	
2706	2025-07-10T09:30:00.000	11	
2707	2025-07-10T09:35:00.000	11	
2708	2025-07-10T09:40:00.000	11	
2709	2025-07-10T09:45:00.000	11	
2710	2025-07-10T09:50:00.000	11	
2711	2025-07-10T09:55:00.000	11	
2712	2025-07-10T10:00:00.000	11	
2713	2025-07-10T10:05:00.000	11	
2714	2025-07-10T10:10:00.000	11	
2715	2025-07-10T10:15:00.000	11	
2716	2025-07-10T10:20:00.000	11	
2717	2025-07-10T10:25:00.000	11	
2718	2025-07-10T10:30:00.000	11	
2719	2025-07-10T10:35:00.000	11	
2720	2025-07-10T10:40:00.000	11	
2721	2025-07-10T10:45:00.000	11	
2722	2025-07-10T10:50:00.000	11	
2723	2025-07-10T10:55:00.000	11	
2724	2025-07-10T11:00:00.000	11	
2725	2025-07-10T11:05:00.000	11	
2726	2025-07-10T11:10:00.000	11	
2727	2025-07-10T11:15:00.000	11	
2728	2025-07-10T11:20:00.000	11	
2729	2025-07-10T11:25:00.000	11	
2730	2025-07-10T11:30:00.000	11	
2731	2025-07-10T11:35:00.000	11	
2732	2025-07-10T11:40:00.000	11	
2733	2025-07-10T11:45:00.000	11	
2734	2025-07-10T11:50:00.000	11	
2735	2025-07-10T11:55:00.000	11	
2736	2025-07-10T12:00:00.000	11	
2737	2025-07-10T12:05:00.000	11	
2738	2025-07-10T12:10:00.000	11	
2739	2025-07-10T12:15:00.000	11	
2740	2025-07-10T12:20:00.000	11	
2741	2025-07-10T12:25:00.000	11	
2742	2025-07-10T12:30:00.000	11	
2743	2025-07-10T12:35:00.000	11	
2744	2025-07-10T12:40:00.000	11	
2745	2025-07-10T12:45:00.000	11	
2746	2025-07-10T12:50:00.000	11	
2747	2025-07-10T12:55:00.000	11	
2748	2025-07-10T13:00:00.000	11	
2749	2025-07-10T13:05:00.000	11	
2750	2025-07-10T13:10:00.000	11	
2751	2025-07-10T13:15:00.000	11	
2752	2025-07-10T13:20:00.000	11	
2753	2025-07-10T13:25:00.000	11	
2754	2025-07-10T13:30:00.000	11	
2755	2025-07-10T13:35:00.000	11	
2756	2025-07-10T13:40:00.000	11	
2757	2025-07-10T13:45:00.000	11	
2758	2025-07-10T13:50:00.000	11	
2759	2025-07-10T13:55:00.000	11	
2760	2025-07-10T14:00:00.000	11	
2761	2025-07-10T14:05:00.000	11	
2762	2025-07-10T14:10:00.000	11	
2763	2025-07-10T14:15:00.000	11	
2764	2025-07-10T14:20:00.000	11	
2765	2025-07-10T14:25:00.000	11	
2766	2025-07-10T14:30:00.000	11	
2767	2025-07-10T14:35:00.000	11	
2768	2025-07-10T14:40:00.000	11	
2769	2025-07-10T14:45:00.000	11	
2770	2025-07-10T14:50:00.000	11	
2771	2025-07-10T14:55:00.000	11	
2772	2025-07-10T15:00:00.000	11	
2773	2025-07-10T15:05:00.000	11	
2774	2025-07-10T15:10:00.000	11	
2775	2025-07-10T15:15:00.000	11	
2776	2025-07-10T15:20:00.000	11	
2777	2025-07-10T15:25:00.000	11	
2778	2025-07-10T15:30:00.000	11	
2779	2025-07-10T15:35:00.000	11	
2780	2025-07-10T15:40:00.000	11	
2781	2025-07-10T15:45:00.000	11	
2782	2025-07-10T15:50:00.000	11	
2783	2025-07-10T15:55:00.000	11	
2784	2025-07-10T16:00:00.000	11	
2785	2025-07-10T16:05:00.000	11	
2786	2025-07-10T16:10:00.000	11	
2787	2025-07-10T16:15:00.000	11	
2788	2025-07-10T16:20:00.000	11	
2789	2025-07-10T16:25:00.000	11	
2790	2025-07-10T16:30:00.000	11	
2791	2025-07-10T16:35:00.000	11	
2792	2025-07-10T16:40:00.000	11	
2793	2025-07-10T16:45:00.000	11	
2794	2025-07-10T16:50:00.000	11	
2795	2025-07-10T16:55:00.000	11	
2796	2025-07-10T17:00:00.000	11	
2797	2025-07-10T17:05:00.000	11	
2798	2025-07-10T17:10:00.000	11	
2799	2025-07-10T17:15:00.000	11	
2800	2025-07-10T17:20:00.000	11	
2801	2025-07-10T17:25:00.000	11	
2802	2025-07-10T17:30:00.000	11	
2803	2025-07-10T17:35:00.000	11	
2804	2025-07-10T17:40:00.000	11	
2805	2025-07-10T17:45:00.000	11	
2806	2025-07-10T17:50:00.000	11	
2807	2025-07-10T17:55:00.000	11	
2808	2025-07-10T18:00:00.000	11	
2809	2025-07-10T18:05:00.000	11	
2810	2025-07-10T18:10:00.000	11	
2811	2025-07-10T18:15:00.000	11	
2812	2025-07-10T18:20:00.000	11	
2813	2025-07-10T18:25:00.000	11	
2814	2025-07-10T18:30:00.000	11	
2815	2025-07-10T18:35:00.000	11	
2816	2025-07-10T18:40:00.000	11	
2817	2025-07-10T18:45:00.000	11	
2818	2025-07-10T18:50:00.000	11	
2819	2025-07-10T18:55:00.000	11	
2820	2025-07-10T19:00:00.000	11	
2821	2025-07-10T19:05:00.000	11	
2822	2025-07-10T19:10:00.000	11	
2823	2025-07-10T19:15:00.000	11	
2824	2025-07-10T19:20:00.000	11	
2825	2025-07-10T19:25:00.000	11	
2826	2025-07-10T19:30:00.000	11	
2827	2025-07-10T19:35:00.000	11	
2828	2025-07-10T19:40:00.000	11	
2829	2025-07-10T19:45:00.000	11	
2830	2025-07-10T19:50:00.000	11	
2831	2025-07-10T19:55:00.000	11	
2832	2025-07-10T20:00:00.000	11	
2833	2025-07-10T20:05:00.000	11	
2834	2025-07-10T20:10:00.000	11	
2835	2025-07-10T20:15:00.000	11	
2836	2025-07-10T20:20:00.000	11	
2837	2025-07-10T20:25:00.000	11	
2838	2025-07-10T20:30:00.000	11	
2839	2025-07-10T20:35:00.000	11	
2840	2025-07-10T20:40:00.000	11	
2841	2025-07-10T20:45:00.000	11	
2842	2025-07-10T20:50:00.000	11	
2843	2025-07-10T20:55:00.000	11	
2844	2025-07-10T21:00:00.000	11	
2845	2025-07-10T21:05:00.000	11	
2846	2025-07-10T21:10:00.000	11	
2847	2025-07-10T21:15:00.000	11	
2848	2025-07-10T21:20:00.000	11	
2849	2025-07-10T21:25:00.000	11	
2850	2025-07-10T21:30:00.000	11	
2851	2025-07-10T21:35:00.000	11	
2852	2025-07-10T21:40:00.000	11	
2853	2025-07-10T21:45:00.000	11	
2854	2025-07-10T21:50:00.000	11	
2855	2025-07-10T21:55:00.000	11	
2856	2025-07-10T22:00:00.000	11	
2857	2025-07-10T22:05:00.000	11	
2858	2025-07-10T22:10:00.000	11	
2859	2025-07-10T22:15:00.000	11	
2860	2025-07-10T22:20:00.000	11	
2861	2025-07-10T22:25:00.000	11	
2862	2025-07-10T22:30:00.000	11	
2863	2025-07-10T22:35:00.000	11	
2864	2025-07-10T22:40:00.000	11	
2865	2025-07-10T22:45:00.000	11	
2866	2025-07-10T22:50:00.000	11	
2867	2025-07-10T22:55:00.000	11	
2868	2025-07-10T23:00:00.000	11	
2869	2025-07-10T23:05:00.000	11	
2870	2025-07-10T23:10:00.000	11	
2871	2025-07-10T23:15:00.000	11	
2872	2025-07-10T23:20:00.000	11	
2873	2025-07-10T23:25:00.000	11	
2874	2025-07-10T23:30:00.000	11	
2875	2025-07-10T23:35:00.000	11	
2876	2025-07-10T23:40:00.000	11	
2877	2025-07-10T23:45:00.000	11	
2878	2025-07-10T23:50:00.000	11	
2879	2025-07-10T23:55:00.000	11	
2880	2025-07-11T00:00:00.000	11	
2881	2025-07-11T00:05:00.000	11	
